continent,country,locationId,longitude,latitude,currentConfirmedCount,confirmedCount,suspectedCount,curedCount,deadCount,updateTime
Africa,Morocco,981004,-7.09262,31.791702,578,638,0,24,36,2020-04-01 17:49:47
Asia,Bahrain,955004,50.637772,25.930414,268,567,0,295,4,2020-04-01 17:49:47
Europe,Russia,964006,105.318756,61.52401,2563,2777,0,190,24,2020-04-01 17:49:47
Asia,Turkey,955018,35.243322,38.963745,13074,13531,0,243,214,2020-04-01 17:49:47
Asia,Indonesia,952005,113.921327,-0.789275,1456,1677,0,64,157,2020-04-01 17:49:47
Africa,Algeria,981001,1.659626,28.033886,626,716,0,46,44,2020-04-01 17:49:47
Europe,Denmark,962001,9.501785,56.26392,2769,2860,0,1,90,2020-04-01 17:49:47
North America,Martinique,0,-61.024174,14.641528,109,111,0,0,2,2020-04-01 17:49:47
Asia,Malaysia,952007,101.975766,4.210484,2218,2908,0,645,45,2020-04-01 17:49:47
Europe,Sweden,962005,18.643501,60.128161,3865,4028,0,17,146,2020-04-01 17:49:47
Europe,Estonia,964002,25.013607,58.595272,721,745,0,20,4,2020-04-01 17:49:47
Asia,Armenia,955002,45.038189,40.069099,538,571,0,30,3,2020-04-01 17:49:47
Asia,Georgia,955006,43.356892,42.315407,93,115,0,22,0,2020-04-01 17:49:47
Asia,India,953003,78.96288,20.593684,1466,1637,0,133,38,2020-04-01 17:49:47
Europe,Germany,963003,10.451526,51.165691,58153,67366,0,8481,732,2020-04-01 17:49:47
Europe,Lithuania,964004,23.881275,55.169438,524,533,0,1,8,2020-04-01 17:49:47
Asia,Saudi Arabia,955016,45.079162,23.885942,1388,1563,0,165,10,2020-04-01 17:49:47
Europe,Belgium,961001,4.469936,50.503887,11004,13964,0,2132,828,2020-04-01 17:49:47
Africa,Ethiopia,985004,40.489673,9.145,27,29,0,2,0,2020-04-01 17:31:36
Europe,Romania,965011,24.96676,45.943161,1956,2245,0,220,69,2020-04-01 17:00:14
Africa,Niger,982011,8.081666,17.607789,31,34,0,0,3,2020-04-01 17:00:14
Europe,Luxembourg,961004,6.129583,49.815273,2155,2178,0,0,23,2020-04-01 17:00:14
Asia,Philippines,952008,121.774017,12.879721,2165,2311,0,50,96,2020-04-01 17:00:14
Asia,Japan,951002,138.252924,36.204824,1747,2217,0,404,66,2020-04-01 17:00:14
Asia,Brunei,952002,114.727669,4.535277,83,129,0,45,1,2020-04-01 16:45:03
Asia,Afghanistan,955001,67.709953,33.93911,191,196,0,0,5,2020-04-01 16:45:03
South America,Ecuador,973006,-78.183406,-1.831239,1902,1962,0,0,60,2020-04-01 16:45:03
Europe,Norway,962004,8.468946,60.472024,4577,4615,0,0,38,2020-04-01 16:45:03
South America,Chile,973004,-71.542969,-35.675147,2570,2738,0,156,12,2020-04-01 16:45:03
Europe,Ukraine,964007,31.16558,48.379433,642,669,0,10,17,2020-04-01 16:45:03
Asia,Lebanon,955012,35.862285,33.854721,416,463,0,35,12,2020-04-01 16:45:03
Africa,Cameroon,983001,12.354722,7.369722,224,233,0,3,6,2020-04-01 16:45:03
South America,Peru,973008,-75.015152,-9.189967,641,1065,0,394,30,2020-04-01 16:45:03
Asia,Oman,955013,55.923255,21.512583,175,210,0,34,1,2020-04-01 16:45:03
Europe,Bosnia and Herzegovina,965003,17.679076,43.915886,380,409,0,17,12,2020-04-01 16:45:03
Asia,Vietnam,952011,108.277199,14.058324,154,212,0,58,0,2020-04-01 16:45:03
Europe,Finland,962002,25.748151,61.92411,1357,1384,0,10,17,2020-04-01 16:45:03
Oceania,Australia,990001,133.775136,-25.274398,4721,4860,0,119,20,2020-04-01 16:45:03
Asia,Israel,955009,34.851612,31.046051,5344,5591,0,226,21,2020-04-01 16:45:03
Asia,Cyprus,955005,33.429859,35.126413,255,262,0,0,7,2020-04-01 16:45:03
North America,Mexico,971003,-102.552784,23.634501,1185,1215,0,1,29,2020-04-01 16:22:49
Asia,Bangladesh,953001,90.356331,23.684994,23,54,0,25,6,2020-04-01 16:22:49
North America,Panama,972007,-80.782127,8.537981,961,989,0,4,24,2020-04-01 16:22:49
Asia,United Arab Emirates,955019,53.847818,23.424076,597,664,0,61,6,2020-04-01 16:22:49
North America,Cuba,974004,-77.781167,21.521757,166,170,0,0,4,2020-04-01 16:22:49
South America,Argentina,973001,-63.616672,-38.416097,787,1054,0,240,27,2020-04-01 16:22:49
Oceania,New Zealand,990007,174.885971,-40.900557,596,647,4,50,1,2020-04-01 16:22:49
Europe,Czech Republic,963002,15.472962,49.817492,3181,3257,0,45,31,2020-04-01 15:56:32
Europe,Portugal,965010,-8.224454,39.399872,7261,7443,0,22,160,2020-04-01 14:41:40
Asia,Uzbekistan,954005,64.585262,41.377491,163,172,0,7,2,2020-04-01 13:36:53
North America,Canada,971001,-106.346771,56.130366,6898,8591,0,1592,101,2020-04-01 13:36:53
Europe,Malta,965019,14.375416,35.937496,169,169,0,0,0,2020-04-01 13:36:53
Asia,China,951001,104.195397,35.86166,2895,82631,0,76415,3321,2020-04-01 13:30:49
Europe,Belarus,964001,27.953389,53.709807,104,152,0,47,1,2020-04-01 13:11:39
Asia,Thailand,952010,100.992541,15.870032,1632,1771,0,127,12,2020-04-01 13:11:39
Africa,Tunisia,981006,9.537499,33.886917,384,394,0,0,10,2020-04-01 13:11:39
Africa,Botswana,984002,24.684866,-22.328474,3,4,0,0,1,2020-04-01 12:36:17
North America,Bahamas,974002,-77.39628,25.03428,14,14,0,0,0,2020-04-01 12:36:17
Europe,Greece,965007,21.824312,39.074208,1246,1314,0,19,49,2020-04-01 12:36:17
Europe,Andorra,965002,1.601554,42.546245,354,376,0,10,12,2020-04-01 12:36:17
South America,Bolivia,973002,-63.588653,-16.290154,92,97,0,0,5,2020-04-01 12:36:17
North America,Barbados,974003,-59.543198,13.193887,33,33,0,0,0,2020-04-01 12:36:17
Europe,Slovenia,965014,14.995463,46.151241,787,802,0,0,15,2020-04-01 12:36:17
Europe,Bulgaria,965004,25.48583,42.733883,388,399,0,3,8,2020-04-01 12:36:17
South America,Colombia,973005,-74.297333,4.570868,859,906,0,31,16,2020-04-01 12:36:17
Europe,Iceland,962003,-19.020835,64.963051,935,1135,0,198,2,2020-04-01 12:36:17
Africa,Gabon,983004,11.609444,-0.803689,17,18,0,0,1,2020-04-01 12:36:17
South America,Paraguay,973009,-58.443832,-23.442503,61,65,0,1,3,2020-04-01 12:36:17
Africa,Libya,981003,17.228331,26.3351,8,8,0,0,0,2020-04-01 12:36:17
Africa,Mali,982010,-3.996166,17.570692,26,28,0,0,2,2020-04-01 12:36:17
Africa,Mauritius,984014,57.552152,-20.348404,138,143,0,0,5,2020-04-01 12:36:17
Europe,Italy,965008,12.56738,41.87194,77635,105792,0,15729,12428,2020-04-01 12:36:17
Africa,Togo,982016,0.824782,8.619543,23,34,0,10,1,2020-04-01 12:36:17
Europe,United Kingdom,961007,-3.435973,55.378051,23226,25150,0,135,1789,2020-04-01 12:36:17
North America,Guatemala,972004,-90.230759,15.783471,35,36,0,0,1,2020-04-01 12:36:17
North America,Costa Rica,972002,-83.753428,9.748917,345,347,0,0,2,2020-04-01 12:36:17
North America,Trinidad and Tobago,974013,-61.222503,10.691803,79,82,0,0,3,2020-04-01 12:36:17
Asia,Laos,952006,102.495496,19.85627,8,8,0,0,0,2020-04-01 12:36:17
Europe,Hungary,963004,19.503304,47.162494,439,492,0,37,16,2020-04-01 12:36:17
South America,Suriname,973010,-56.027783,3.919305,9,9,0,0,0,2020-04-01 12:36:17
Europe,France,961002,2.213749,46.227638,39161,52128,0,9444,3523,2020-04-01 12:36:17
Asia,Pakistan,953006,69.345116,30.375321,1856,1940,0,58,26,2020-04-01 12:36:17
Asia,Iraq,955008,43.679291,33.223191,474,694,0,170,50,2020-04-01 12:36:17
Africa,Tanzania,985009,34.888822,-6.369028,17,19,0,1,1,2020-04-01 12:36:17
North America,Jamaica,974009,-77.297508,18.109581,35,36,0,0,1,2020-04-01 12:36:17
Europe,Ireland,961003,-8.24389,53.41291,3164,3235,0,0,71,2020-04-01 12:36:17
Asia,Kuwait,955011,47.481766,29.31166,216,289,0,73,0,2020-04-01 12:36:17
Africa,South Africa,984011,22.937506,-30.559482,1347,1353,0,1,5,2020-04-01 12:36:17
Europe,Croatia,965005,15.2,45.1,794,867,0,67,6,2020-04-01 12:36:17
Europe,Guernsey,0,-2.585278,49.465691,45,45,0,0,0,2020-04-01 12:36:17
Oceania,French Polynesia,0,-149.406843,-17.679742,36,36,0,0,0,2020-04-01 12:36:17
Europe,Austria,963001,14.550072,47.516231,8748,9971,0,1095,128,2020-04-01 12:36:17
Europe,Gibraltar,0,-5.345374,36.137741,69,69,0,0,0,2020-04-01 12:36:17
Europe,San Marino,965012,12.457777,43.94236,215,242,0,2,25,2020-04-01 12:36:17
South America,Venezuela,0,-66.58973,6.42375,132,135,0,0,3,2020-04-01 12:36:17
Asia,Iran,955007,53.688046,32.427908,27052,44606,0,14656,2898,2020-04-01 12:36:17
South America,French Guiana,0,-53.125782,3.933889,43,43,0,0,0,2020-04-01 12:36:17
South America,Guyana,973007,-58.93018,4.860416,7,8,0,0,1,2020-04-01 12:36:17
Asia,Jordan,955010,36.238414,30.585164,239,274,0,30,5,2020-04-01 12:36:17
Africa,Seychelles,985007,55.491977,-4.679574,10,10,0,0,0,2020-04-01 12:36:17
Asia,Syria,955017,38.996815,34.802075,8,10,0,0,2,2020-04-01 12:36:17
Africa,Uganda,985010,32.290275,1.373333,44,44,0,0,0,2020-04-01 12:36:17
Europe,Netherlands,961006,5.291266,52.132633,8602,12595,0,2954,1039,2020-04-01 12:36:17
Africa,Djibouti,985002,42.590275,11.825138,30,30,0,0,0,2020-04-01 12:36:17
Africa,Nigeria,982013,8.675277,9.081999,128,139,0,9,2,2020-04-01 12:36:17
Europe,Moldova,964005,28.369885,47.411631,327,353,0,22,4,2020-04-01 12:36:17
Africa,Kenya,985005,37.906193,-0.023559,57,59,0,1,1,2020-04-01 12:36:17
Oceania,Guam,0,144.793731,13.444304,57,58,0,0,1,2020-04-01 12:36:17
North America,El Salvador,972003,-88.89653,13.794185,30,30,0,0,0,2020-04-01 12:36:17
Africa,Sierra Leone,982015,-11.779889,8.460555,1,1,0,0,0,2020-04-01 12:36:17
Europe,Latvia,964003,24.603189,56.879635,398,398,0,0,0,2020-04-01 12:36:17
Europe,Spain,965015,-3.74922,40.463667,71519,94417,0,14709,8189,2020-04-01 12:36:17
Africa,Sudan,981005,30.217636,12.862807,5,7,0,0,2,2020-04-01 12:36:17
North America,Honduras,972005,-86.241905,15.199999,136,139,0,0,3,2020-04-01 12:36:17
North America,Dominican Republic,974006,-70.162651,18.735693,859,901,0,0,42,2020-04-01 12:36:17
Europe,Poland,963006,19.145136,51.919438,2265,2311,0,13,33,2020-04-01 12:36:17
South America,Uruguay,973011,-55.765835,-32.522779,296,338,0,41,1,2020-04-01 12:36:17
Asia,Azerbaijan,955003,47.576927,40.143105,267,298,0,26,5,2020-04-01 12:36:17
Europe,Albania,965001,20.168331,41.153332,218,243,0,10,15,2020-04-01 12:36:17
Asia,Qatar,955015,51.183884,25.354826,717,781,0,62,2,2020-04-01 12:36:17
Africa,Guinea,0,-9.696645,9.945587,21,22,0,1,0,2020-04-01 12:36:17
Europe,Slovakia,963007,19.699024,48.669026,359,363,0,3,1,2020-04-01 12:36:17
South America,Brazil,973003,-51.92528,-14.235004,5516,5717,0,0,201,2020-04-01 12:36:17
Europe,Switzerland,963008,8.227512,46.818188,13980,16176,0,1823,373,2020-04-01 12:36:17
Africa,Gambia,982005,-15.310139,13.443182,3,4,0,0,1,2020-04-01 12:36:17
Africa,Madagascar,984005,46.869107,-18.766947,57,57,0,0,0,2020-04-01 12:36:17
Europe,Liechtenstein,963005,9.555373,47.166,64,64,0,0,0,2020-04-01 12:36:17
Europe,Monaco,961005,7.412841,43.750298,50,52,0,1,1,2020-04-01 12:36:17
Africa,Ghana,982006,-1.023194,7.946527,153,161,0,3,5,2020-04-01 12:36:17
Africa,Egypt,981002,30.802498,26.820553,514,710,0,150,46,2020-04-01 12:36:17
North America,Puerto Rico,0,-66.590149,18.220833,168,174,0,0,6,2020-04-01 12:36:17
North America,Nicaragua,972006,-85.207229,12.865416,3,4,0,0,1,2020-04-01 12:36:17
Africa,Senegal,982014,-14.452362,14.497401,135,175,0,40,0,2020-04-01 12:36:17
North America,Belize,972001,-88.49765,17.189877,3,3,0,0,0,2020-04-01 12:36:17
Africa,Burkina Faso,982002,-1.561593,12.238333,215,261,0,32,14,2020-04-01 12:36:17
Asia,Singapore,952009,103.819836,1.352083,740,926,0,183,3,2020-04-01 12:36:17
Asia,Maldives,953004,73.22068,3.202778,5,18,0,13,0,2020-04-01 12:36:17
Africa,Zimbabwe,984013,29.154857,-19.015438,7,8,0,0,1,2020-04-01 12:36:17
North America,Haiti,974008,-72.285215,18.971187,15,15,0,0,0,2020-04-01 12:36:17
Africa,Angola,984001,17.873887,-11.202692,5,7,0,0,2,2020-04-01 12:36:17
Africa,Swaziland,984010,31.465866,-26.522503,9,9,0,0,0,2020-03-31 22:07:18
Asia,Nepal,953005,84.124008,28.394857,4,5,0,1,0,2020-03-31 22:07:18
Africa,Namibia,984009,18.49041,-22.95764,11,11,0,0,0,2020-03-31 22:07:18
North America,Antigua and Barbuda,974001,-61.796428,17.060816,7,7,0,0,0,2020-03-31 22:07:18
Africa,Central African Republic,983002,20.939444,6.611111,6,6,0,0,0,2020-03-31 22:07:18
Africa,Benin,982001,2.315834,9.30769,6,6,0,0,0,2020-03-31 22:07:18
Africa,Chad,982003,18.732207,15.454166,5,5,0,0,0,2020-03-31 22:07:18
Asia,Mongolia,0,103.846656,46.862496,12,12,0,0,0,2020-03-31 22:07:18
Africa,Mozambique,984008,35.529562,-18.665695,8,8,0,0,0,2020-03-31 22:07:18
Oceania,Fiji,990002,179.414413,-16.578193,5,5,0,0,0,2020-03-31 13:11:33
Oceania,Papua New Guinea,990009,143.95555,-6.314993,1,1,0,0,0,2020-03-30 21:48:21
Africa,Liberia,982009,-9.429499,6.428055,3,3,0,0,0,2020-03-30 21:48:21
North America,Saint Vincent and the Grenadines,974012,-61.287228,12.984305,1,1,0,0,0,2020-03-30 21:48:21
Europe,United Kingdom,0,-3.435973,55.378051,12,20,0,8,0,2020-02-29 13:08:48
Asia,Azerbaijan,955003,47.576927,40.143105,847,1058,0,200,11,2020-04-12 01:04:58
Europe,Luxembourg,961004,6.129583,49.815273,2967,3270,0,241,62,2020-04-12 01:04:58
Asia,Jordan,955010,36.238414,30.585164,195,372,0,170,7,2020-04-12 01:04:58
Asia,Japan,951002,138.252924,36.204824,6379,6903,0,404,120,2020-04-12 01:04:58
Oceania,Australia,990001,133.775136,-25.274398,6117,6292,0,119,56,2020-04-12 01:04:58
Europe,Finland,962002,25.748151,61.92411,2711,2769,0,10,48,2020-04-12 01:04:58
Europe,Lithuania,964004,23.881275,55.169438,923,999,0,54,22,2020-04-12 01:04:58
Oceania,New Zealand,990007,174.885971,-40.900557,612,1035,4,422,1,2020-04-12 01:04:58
Europe,Norway,962004,8.468946,60.472024,6155,6267,0,0,112,2020-04-12 01:04:58
Asia,Bahrain,955004,50.637772,25.930414,459,1016,0,551,6,2020-04-12 01:04:58
North America,El Salvador,972003,-88.89653,13.794185,98,103,0,0,5,2020-04-12 00:57:53
Oceania,Guam,0,144.793731,13.444304,124,128,0,0,4,2020-04-12 00:57:53
Africa,Kenya,985005,37.906193,-0.023559,160,191,0,24,7,2020-04-12 00:57:53
North America,Dominican Republic,974006,-70.162651,18.735693,2231,2349,0,0,118,2020-04-12 00:57:53
North America,Honduras,972005,-86.241905,15.199999,320,343,0,0,23,2020-04-12 00:57:53
Europe,Poland,963006,19.145136,51.919438,5456,5955,0,318,181,2020-04-12 00:57:53
Europe,Latvia,964003,24.603189,56.879635,587,589,0,0,2,2020-04-12 00:57:53
South America,Uruguay,973011,-55.765835,-32.522779,230,465,0,214,21,2020-04-12 00:57:53
Europe,Albania,965001,20.168331,41.153332,279,433,0,131,23,2020-04-12 00:57:53
Africa,Guinea,0,-9.696645,9.945587,197,212,0,15,0,2020-04-12 00:57:53
Asia,Qatar,955015,51.183884,25.354826,2475,2728,0,247,6,2020-04-12 00:57:53
Asia,United Arab Emirates,955019,53.847818,23.424076,3128,3736,0,588,20,2020-04-12 00:57:53
North America,Canada,971001,-106.346771,56.130366,18809,22148,0,2770,569,2020-04-12 00:57:53
Africa,Cameroon,983001,12.354722,7.369722,710,820,0,98,12,2020-04-12 00:57:53
Africa,Nigeria,982013,8.675277,9.081999,240,305,0,58,7,2020-04-12 00:57:53
North America,Cuba,974004,-77.781167,21.521757,549,564,0,0,15,2020-04-12 00:57:53
Africa,Djibouti,985002,42.590275,11.825138,149,187,0,36,2,2020-04-12 00:57:53
South America,Peru,973008,-75.015152,-9.189967,4159,5897,0,1569,169,2020-04-12 00:57:53
Europe,Moldova,964005,28.369885,47.411631,1455,1560,0,75,30,2020-04-12 00:57:53
Africa,Senegal,982014,-14.452362,14.497401,124,278,0,152,2,2020-04-12 00:57:53
Asia,Vietnam,952011,108.277199,14.058324,114,258,0,144,0,2020-04-12 00:57:53
Africa,Egypt,981002,30.802498,26.820553,1275,1794,0,384,135,2020-04-12 00:57:53
North America,Puerto Rico,0,-66.590149,18.220833,650,683,0,0,33,2020-04-12 00:57:53
Africa,Burkina Faso,982002,-1.561593,12.238333,273,443,0,146,24,2020-04-12 00:57:53
Asia,Singapore,952009,103.819836,1.352083,1886,2299,0,406,7,2020-04-12 00:57:53
Asia,Israel,955009,34.851612,31.046051,9174,10505,0,1236,95,2020-04-12 00:57:53
Asia,China,951001,104.195397,35.86166,2075,83400,0,77976,3349,2020-04-12 00:57:53
Asia,Cyprus,955005,33.429859,35.126413,601,616,0,0,15,2020-04-12 00:57:53
Asia,Philippines,952008,121.774017,12.879721,4024,4428,0,157,247,2020-04-12 00:57:53
Europe,Slovakia,963007,19.699024,48.669026,703,728,0,23,2,2020-04-12 00:57:53
South America,Argentina,973001,-63.616672,-38.416097,1535,1975,0,358,82,2020-04-12 00:57:53
Africa,Tunisia,981006,9.537499,33.886917,646,671,0,0,25,2020-04-12 00:57:53
Europe,Switzerland,963008,8.227512,46.818188,12600,24713,0,11100,1013,2020-04-12 00:57:53
Asia,Oman,955013,55.923255,21.512583,434,546,0,109,3,2020-04-12 00:57:53
South America,Brazil,973003,-51.92528,-14.235004,18455,19638,0,127,1056,2020-04-12 00:57:53
Europe,Malta,965019,14.375416,35.937496,367,370,0,0,3,2020-04-12 00:57:53
Africa,Madagascar,984005,46.869107,-18.766947,91,102,0,11,0,2020-04-12 00:57:53
Europe,Bosnia and Herzegovina,965003,17.679076,43.915886,721,886,0,129,36,2020-04-12 00:57:53
Africa,Ghana,982006,-1.023194,7.946527,303,313,0,4,6,2020-04-12 00:57:53
Asia,Saudi Arabia,955016,45.079162,23.885942,3261,4033,0,720,52,2020-04-12 00:57:53
Europe,Denmark,962001,9.501785,56.26392,4678,5819,0,894,247,2020-04-12 00:57:53
South America,Paraguay,973009,-58.443832,-23.442503,107,124,0,12,5,2020-04-12 00:57:53
Europe,Belarus,964001,27.953389,53.709807,1793,1981,0,169,19,2020-04-12 00:57:53
South America,Ecuador,973006,-78.183406,-1.831239,6724,7161,0,140,297,2020-04-12 00:57:53
North America,Martinique,0,-61.024174,14.641528,148,154,0,0,6,2020-04-12 00:57:53
Africa,Mali,982010,-3.996166,17.570692,74,105,0,22,9,2020-04-12 00:57:53
Africa,Mauritius,984014,57.552152,-20.348404,282,319,0,28,9,2020-04-12 00:57:53
Asia,Malaysia,952007,101.975766,4.210484,2462,4530,0,1995,73,2020-04-12 00:57:53
South America,Chile,973004,-71.542969,-35.675147,4865,6501,0,1571,65,2020-04-12 00:57:53
Europe,Greece,965007,21.824312,39.074208,1969,2081,0,19,93,2020-04-12 00:57:53
Africa,Morocco,981004,-7.09262,31.791702,1276,1527,0,141,110,2020-04-12 00:57:53
Asia,Brunei,952002,114.727669,4.535277,36,136,0,99,1,2020-04-12 00:57:53
North America,Mexico,971003,-102.552784,23.634501,3610,3844,0,1,233,2020-04-12 00:57:53
Asia,Uzbekistan,954005,64.585262,41.377491,591,624,0,30,3,2020-04-12 00:57:53
Africa,Swaziland,984010,31.465866,-26.522503,7,14,0,7,0,2020-04-12 00:57:53
Europe,Russia,964006,105.318756,61.52401,12433,13584,0,1045,106,2020-04-12 00:57:53
Europe,Andorra,965002,1.601554,42.546245,500,622,0,94,28,2020-04-12 00:57:53
South America,Bolivia,973002,-63.588653,-16.290154,249,268,0,0,19,2020-04-12 00:57:53
Europe,Bulgaria,965004,25.48583,42.733883,630,661,0,3,28,2020-04-12 00:57:53
Europe,Slovenia,965014,14.995463,46.151241,978,1160,0,137,45,2020-04-12 00:57:53
Asia,Afghanistan,955001,67.709953,33.93911,508,555,0,32,15,2020-04-12 00:57:53
Asia,Indonesia,952005,113.921327,-0.789275,3451,3842,0,64,327,2020-04-12 00:57:53
Europe,Iceland,962003,-19.020835,64.963051,917,1675,0,751,7,2020-04-12 00:57:53
South America,Colombia,973005,-74.297333,4.570868,2308,2473,0,85,80,2020-04-12 00:57:53
Asia,Iraq,955008,43.679291,33.223191,645,1318,0,601,72,2020-04-12 00:57:53
Asia,Pakistan,953006,69.345116,30.375321,3902,4695,0,727,66,2020-04-12 00:57:53
Europe,Portugal,965010,-8.224454,39.399872,15251,15987,0,266,470,2020-04-12 00:57:53
Asia,Armenia,955002,45.038189,40.069099,780,966,0,173,13,2020-04-12 00:57:53
Asia,Georgia,955006,43.356892,42.315407,174,233,0,56,3,2020-04-12 00:57:53
Europe,Ireland,961003,-8.24389,53.41291,7043,7393,0,62,288,2020-04-12 00:57:53
Africa,South Africa,984011,22.937506,-30.559482,1934,2003,0,45,24,2020-04-12 00:57:53
Asia,Kuwait,955011,47.481766,29.31166,1041,1154,0,112,1,2020-04-12 00:57:53
Europe,Croatia,965005,15.2,45.1,1243,1495,0,231,21,2020-04-12 00:57:53
Asia,Iran,955007,53.688046,32.427908,23725,70029,0,41947,4357,2020-04-12 00:57:53
South America,Venezuela,0,-66.58973,6.42375,159,166,0,0,7,2020-04-12 00:57:53
Asia,India,953003,78.96288,20.593684,6634,7529,0,653,242,2020-04-12 00:57:53
Europe,Guernsey,0,-2.585278,49.465691,176,181,0,0,5,2020-04-12 00:57:53
Europe,Gibraltar,0,-5.345374,36.137741,112,113,0,0,1,2020-04-12 00:57:53
Asia,Lebanon,955012,35.862285,33.854721,523,619,0,76,20,2020-04-12 00:57:53
Asia,Thailand,952010,100.992541,15.870032,1348,2518,0,1135,35,2020-04-12 00:57:53
Europe,Ukraine,964007,31.16558,48.379433,2099,2203,0,35,69,2020-04-12 00:57:53
Europe,Estonia,964002,25.013607,58.595272,1141,1258,0,93,24,2020-04-12 00:57:53
Europe,Romania,965011,24.96676,45.943161,4481,5467,0,729,257,2020-04-12 00:57:53
Europe,Hungary,963004,19.503304,47.162494,1110,1310,0,115,85,2020-04-12 00:57:53
North America,Costa Rica,972002,-83.753428,9.748917,499,502,0,0,3,2020-04-12 00:57:53
North America,Trinidad and Tobago,974013,-61.222503,10.691803,101,109,0,0,8,2020-04-12 00:57:53
Asia,Bangladesh,953001,90.356331,23.684994,276,330,0,33,21,2020-04-12 00:57:53
Europe,Isle of Man,0,-4.548056,54.236107,164,165,0,0,1,2020-04-12 00:57:53
Europe,Italy,965008,12.56738,41.87194,100269,152271,0,32534,19468,2020-04-12 00:39:42
Asia,Syria,955017,38.996815,34.802075,19,25,0,4,2,2020-04-12 00:37:40
Africa,Sudan,981005,30.217636,12.862807,15,19,0,2,2,2020-04-11 23:46:57
Africa,Niger,982011,8.081666,17.607789,386,438,0,41,11,2020-04-11 23:46:57
North America,Panama,972007,-80.782127,8.537981,2461,2528,0,4,63,2020-04-11 23:46:57
Europe,Austria,963001,14.550072,47.516231,10446,13248,0,2507,295,2020-04-11 23:46:57
Europe,Belgium,961001,4.469936,50.503887,18586,28018,0,5986,3446,2020-04-11 23:36:50
Europe,United Kingdom,961007,-3.435973,55.378051,68981,78991,0,135,9875,2020-04-11 23:36:50
Europe,Germany,963003,10.451526,51.165691,57671,117658,0,57443,2544,2020-04-11 20:53:33
Europe,Spain,965015,-3.74922,40.463667,86390,161852,0,59109,16353,2020-04-11 20:53:33
Europe,Netherlands,961006,5.291266,52.132633,17632,23097,0,2954,2511,2020-04-11 20:53:33
Asia,Turkey,955018,35.243322,38.963745,43600,47029,0,2423,1006,2020-04-11 20:53:33
Africa,Ethiopia,985004,40.489673,9.145,56,69,0,10,3,2020-04-11 20:53:33
Europe,San Marino,965012,12.457777,43.94236,308,344,0,2,34,2020-04-11 20:53:33
Europe,Czech Republic,963002,15.472962,49.817492,5209,5674,0,346,119,2020-04-11 20:53:33
Africa,Sierra Leone,982015,-11.779889,8.460555,8,8,0,0,0,2020-04-11 19:44:32
South America,Guyana,973007,-58.93018,4.860416,34,40,0,0,6,2020-04-11 19:44:32
Africa,Benin,982001,2.315834,9.30769,29,35,0,5,1,2020-04-11 19:44:32
Africa,Chad,982003,18.732207,15.454166,11,11,0,0,0,2020-04-11 19:44:32
North America,Belize,972001,-88.49765,17.189877,8,9,0,0,1,2020-04-11 19:44:32
Africa,Zimbabwe,984013,29.154857,-19.015438,10,13,0,0,3,2020-04-11 19:44:32
Africa,Mozambique,984008,35.529562,-18.665695,19,20,0,1,0,2020-04-11 19:44:32
Africa,Botswana,984002,24.684866,-22.328474,12,13,0,0,1,2020-04-11 19:44:32
North America,Haiti,974008,-72.285215,18.971187,28,30,0,0,2,2020-04-11 19:44:32
Europe,Monaco,961005,7.412841,43.750298,86,90,0,3,1,2020-04-11 19:44:32
Africa,Libya,981003,17.228331,26.3351,29,37,0,3,5,2020-04-11 19:44:32
Africa,Algeria,981001,1.659626,28.033886,1268,1761,0,237,256,2020-04-11 19:44:32
Africa,Togo,982016,0.824782,8.619543,48,76,0,25,3,2020-04-11 19:44:32
North America,Guatemala,972004,-90.230759,15.783471,92,95,0,0,3,2020-04-11 19:44:32
North America,Bahamas,974002,-77.39628,25.03428,33,40,0,0,7,2020-04-11 19:44:32
Africa,Gabon,983004,11.609444,-0.803689,44,46,0,1,1,2020-04-11 19:44:32
Africa,Tanzania,985009,34.888822,-6.369028,24,32,0,5,3,2020-04-11 19:44:32
Africa,Malawi,984006,34.301525,-13.254308,8,9,0,0,1,2020-04-11 19:44:32
North America,Jamaica,974009,-77.297508,18.109581,59,63,0,0,4,2020-04-11 19:44:32
South America,French Guiana,0,-53.125782,3.933889,83,83,0,0,0,2020-04-11 19:44:32
Europe,Sweden,962005,18.643501,60.128161,8798,9685,0,17,870,2020-04-11 19:44:32
Europe,France,961002,2.213749,46.227638,52547,90676,0,24932,13197,2020-04-11 19:44:32
South America,Suriname,973010,-56.027783,3.919305,5,10,0,4,1,2020-04-11 19:44:32
Africa,Uganda,985010,32.290275,1.373333,53,53,0,0,0,2020-04-11 16:18:31
North America,Antigua and Barbuda,974001,-61.796428,17.060816,17,19,0,0,2,2020-04-11 16:18:31
North America,Saint Vincent and the Grenadines,974012,-61.287228,12.984305,8,8,0,0,0,2020-04-11 16:18:31
Europe,Liechtenstein,963005,9.555373,47.166,78,79,0,0,1,2020-04-11 16:18:31
Oceania,Papua New Guinea,990009,143.95555,-6.314993,2,2,0,0,0,2020-04-11 16:18:31
North America,Barbados,974003,-59.543198,13.193887,60,63,0,0,3,2020-04-11 16:18:31
Oceania,French Polynesia,0,-149.406843,-17.679742,51,51,0,0,0,2020-04-11 16:18:31
Africa,Namibia,984009,18.49041,-22.95764,13,16,0,3,0,2020-04-10 13:46:30
Africa,Seychelles,985007,55.491977,-4.679574,11,11,0,0,0,2020-04-10 13:46:30
Africa,Central African Republic,983002,20.939444,6.611111,11,11,0,0,0,2020-04-10 13:46:30
North America,Nicaragua,972006,-85.207229,12.865416,5,6,0,0,1,2020-04-10 13:46:30
Asia,Maldives,953004,73.22068,3.202778,6,19,0,13,0,2020-04-10 13:46:30
Africa,Angola,984001,17.873887,-11.202692,15,19,0,2,2,2020-04-10 13:46:30
Asia,Mongolia,0,103.846656,46.862496,14,16,0,2,0,2020-04-10 13:46:30
Africa,Gambia,982005,-15.310139,13.443182,3,4,0,0,1,2020-04-10 13:46:30
Africa,Liberia,982009,-9.429499,6.428055,24,31,0,3,4,2020-04-10 13:46:30
Oceania,Fiji,990002,179.414413,-16.578193,15,15,0,0,0,2020-04-10 13:46:30
Asia,Nepal,953005,84.124008,28.394857,8,9,0,1,0,2020-04-10 13:46:30
Asia,Laos,952006,102.495496,19.85627,15,15,0,0,0,2020-04-10 13:46:30
Europe,United Kingdom,0,-3.435973,55.378051,12,20,0,8,0,2020-02-29 13:08:48
Asia,China,951001,104.195397,35.86166,2122,83305,0,77838,3345,2020-04-10 08:30:57
South America,Brazil,973003,-51.92528,-14.235004,16789,17857,0,127,941,2020-04-10 08:12:44
Asia,Turkey,955018,35.243322,38.963745,39232,42282,0,2142,908,2020-04-10 08:12:44
North America,Haiti,974008,-72.285215,18.971187,26,27,0,0,1,2020-04-10 08:11:43
Asia,Israel,955009,34.851612,31.046051,9112,9968,0,770,86,2020-04-10 08:11:43
Asia,Cyprus,955005,33.429859,35.126413,548,562,0,0,14,2020-04-10 08:11:43
Africa,Burkina Faso,982002,-1.561593,12.238333,273,443,0,146,24,2020-04-10 08:11:43
Asia,Singapore,952009,103.819836,1.352083,1497,1910,0,406,7,2020-04-10 08:11:43
Asia,Japan,951002,138.252924,36.204824,5036,5548,0,404,108,2020-04-10 08:11:43
Asia,Vietnam,952011,108.277199,14.058324,129,255,0,126,0,2020-04-10 08:11:43
North America,Belize,972001,-88.49765,17.189877,7,8,0,0,1,2020-04-10 08:11:43
Africa,Egypt,981002,30.802498,26.820553,1233,1699,0,348,118,2020-04-10 08:11:43
North America,Puerto Rico,0,-66.590149,18.220833,596,620,0,0,24,2020-04-10 08:11:43
Europe,Belgium,961001,4.469936,50.503887,19588,24983,0,2872,2523,2020-04-10 08:11:43
Africa,Ghana,982006,-1.023194,7.946527,258,313,0,49,6,2020-04-10 08:11:43
Oceania,New Zealand,990007,174.885971,-40.900557,674,992,4,317,1,2020-04-10 08:11:43
Europe,Liechtenstein,963005,9.555373,47.166,78,79,0,0,1,2020-04-10 08:11:43
Europe,Malta,965019,14.375416,35.937496,298,299,0,0,1,2020-04-10 08:11:43
Europe,Switzerland,963008,8.227512,46.818188,12502,24051,0,10600,949,2020-04-10 08:11:43
Europe,Lithuania,964004,23.881275,55.169438,938,955,0,1,16,2020-04-10 08:11:43
South America,Argentina,973001,-63.616672,-38.416097,1372,1795,0,358,65,2020-04-10 08:11:43
Europe,Slovakia,963007,19.699024,48.669026,683,701,0,16,2,2020-04-10 08:11:43
North America,Saint Vincent and the Grenadines,974012,-61.287228,12.984305,8,8,0,0,0,2020-04-10 08:11:43
Africa,Tunisia,981006,9.537499,33.886917,618,643,0,0,25,2020-04-10 08:11:43
Africa,Guinea,0,-9.696645,9.945587,183,194,0,11,0,2020-04-10 08:11:43
Asia,Qatar,955015,51.183884,25.354826,2164,2376,0,206,6,2020-04-10 08:11:43
South America,Uruguay,973011,-55.765835,-32.522779,257,456,0,192,7,2020-04-10 08:11:43
Asia,Azerbaijan,955003,47.576927,40.143105,816,926,0,101,9,2020-04-10 08:11:43
Europe,Albania,965001,20.168331,41.153332,255,409,0,131,23,2020-04-10 08:11:43
Africa,Niger,982011,8.081666,17.607789,359,410,0,40,11,2020-04-10 08:11:43
North America,Honduras,972005,-86.241905,15.199999,320,343,0,0,23,2020-04-10 08:11:43
Africa,Sierra Leone,982015,-11.779889,8.460555,7,7,0,0,0,2020-04-10 08:11:43
Europe,Latvia,964003,24.603189,56.879635,587,589,0,0,2,2020-04-10 08:11:43
Europe,Spain,965015,-3.74922,40.463667,85043,152446,0,52165,15238,2020-04-10 08:11:43
North America,El Salvador,972003,-88.89653,13.794185,88,93,0,0,5,2020-04-10 08:11:43
Europe,Germany,963003,10.451526,51.165691,56169,108202,0,49926,2107,2020-04-10 08:11:43
Africa,Kenya,985005,37.906193,-0.023559,165,184,0,12,7,2020-04-10 08:11:43
Oceania,Guam,0,144.793731,13.444304,121,125,0,0,4,2020-04-10 08:11:43
Europe,Moldova,964005,28.369885,47.411631,1116,1174,0,30,28,2020-04-10 08:11:43
Africa,Nigeria,982013,8.675277,9.081999,230,288,0,51,7,2020-04-10 08:11:43
North America,Cuba,974004,-77.781167,21.521757,445,457,0,0,12,2020-04-10 08:11:43
North America,Antigua and Barbuda,974001,-61.796428,17.060816,17,19,0,0,2,2020-04-10 08:11:43
Asia,Jordan,955010,36.238414,30.585164,204,372,0,161,7,2020-04-10 08:11:43
Europe,San Marino,965012,12.457777,43.94236,272,308,0,2,34,2020-04-10 08:11:43
South America,Venezuela,0,-66.58973,6.42375,159,166,0,0,7,2020-04-10 08:11:43
South America,French Guiana,0,-53.125782,3.933889,77,77,0,0,0,2020-04-10 08:11:43
Europe,Guernsey,0,-2.585278,49.465691,162,166,0,0,4,2020-04-10 08:11:43
Oceania,French Polynesia,0,-149.406843,-17.679742,51,51,0,0,0,2020-04-10 08:11:43
Europe,Austria,963001,14.550072,47.516231,10189,12969,0,2507,273,2020-04-10 08:11:43
Asia,Lebanon,955012,35.862285,33.854721,501,582,0,62,19,2020-04-10 08:11:43
Europe,Gibraltar,0,-5.345374,36.137741,112,113,0,0,1,2020-04-10 08:11:43
Europe,Ireland,961003,-8.24389,53.41291,5989,6224,0,0,235,2020-04-10 08:11:43
Asia,Kuwait,955011,47.481766,29.31166,797,910,0,112,1,2020-04-10 08:11:43
Africa,South Africa,984011,22.937506,-30.559482,1871,1934,0,45,18,2020-04-10 08:11:43
Europe,Croatia,965005,15.2,45.1,1168,1407,0,219,20,2020-04-10 08:11:43
North America,Jamaica,974009,-77.297508,18.109581,60,63,0,0,3,2020-04-10 08:11:43
Asia,Armenia,955002,45.038189,40.069099,773,921,0,138,10,2020-04-10 08:11:43
Asia,Georgia,955006,43.356892,42.315407,165,214,0,46,3,2020-04-10 08:11:43
North America,Panama,972007,-80.782127,8.537981,2186,2249,0,4,59,2020-04-10 08:11:43
Asia,Iraq,955008,43.679291,33.223191,667,1232,0,496,69,2020-04-10 08:11:43
Asia,Pakistan,953006,69.345116,30.375321,3854,4489,0,572,63,2020-04-10 08:11:43
Europe,Czech Republic,963002,15.472962,49.817492,5054,5467,0,301,112,2020-04-10 08:11:43
Europe,Estonia,964002,25.013607,58.595272,1111,1207,0,72,24,2020-04-10 08:11:43
Europe,Hungary,963004,19.503304,47.162494,820,980,0,94,66,2020-04-10 08:11:43
Asia,Bangladesh,953001,90.356331,23.684994,165,218,0,33,20,2020-04-10 08:11:43
North America,Costa Rica,972002,-83.753428,9.748917,481,483,0,0,2,2020-04-10 08:11:43
North America,Trinidad and Tobago,974013,-61.222503,10.691803,99,107,0,0,8,2020-04-10 08:11:43
Europe,Ukraine,964007,31.16558,48.379433,1800,1892,0,35,57,2020-04-10 08:11:43
Europe,Norway,962004,8.468946,60.472024,6049,6157,0,0,108,2020-04-10 08:11:43
South America,Chile,973004,-71.542969,-35.675147,4800,5972,0,1115,57,2020-04-10 08:11:43
North America,Guatemala,972004,-90.230759,15.783471,84,87,0,0,3,2020-04-10 08:11:43
Asia,Malaysia,952007,101.975766,4.210484,2553,4228,0,1608,67,2020-04-10 08:11:43
South America,Ecuador,973006,-78.183406,-1.831239,4068,4450,0,140,242,2020-04-10 08:11:43
North America,Martinique,0,-61.024174,14.641528,148,152,0,0,4,2020-04-10 08:11:43
Africa,Mauritius,984014,57.552152,-20.348404,284,314,0,23,7,2020-04-10 08:11:43
Europe,Denmark,962001,9.501785,56.26392,4504,5635,0,894,237,2020-04-10 08:11:43
Oceania,Papua New Guinea,990009,143.95555,-6.314993,2,2,0,0,0,2020-04-10 08:11:43
South America,Paraguay,973009,-58.443832,-23.442503,102,119,0,12,5,2020-04-10 08:11:43
South America,Colombia,973005,-74.297333,4.570868,1915,2054,0,85,54,2020-04-10 08:11:43
Europe,Iceland,962003,-19.020835,64.963051,954,1648,0,688,6,2020-04-10 08:11:43
Europe,Bulgaria,965004,25.48583,42.733883,591,618,0,3,24,2020-04-10 08:11:43
North America,Barbados,974003,-59.543198,13.193887,60,63,0,0,3,2020-04-10 08:11:43
Asia,Afghanistan,955001,67.709953,33.93911,438,484,0,31,15,2020-04-10 08:11:43
Asia,Uzbekistan,954005,64.585262,41.377491,522,555,0,30,3,2020-04-10 08:11:43
Europe,Andorra,965002,1.601554,42.546245,500,583,0,58,25,2020-04-10 08:11:43
South America,Bolivia,973002,-63.588653,-16.290154,195,210,0,0,15,2020-04-10 08:11:43
North America,Bahamas,974002,-77.39628,25.03428,30,36,0,0,6,2020-04-10 08:11:43
Asia,Brunei,952002,114.727669,4.535277,69,135,0,65,1,2020-04-10 08:08:41
Oceania,Australia,990001,133.775136,-25.274398,5883,6052,0,119,50,2020-04-10 08:08:41
Africa,Senegal,982014,-14.452362,14.497401,125,250,0,123,2,2020-04-10 08:08:41
Europe,Monaco,961005,7.412841,43.750298,80,84,0,3,1,2020-04-10 08:08:41
Europe,Bosnia and Herzegovina,965003,17.679076,43.915886,710,846,0,101,35,2020-04-10 08:08:41
Asia,Oman,955013,55.923255,21.512583,345,457,0,109,3,2020-04-10 08:08:41
Asia,Philippines,952008,121.774017,12.879721,3749,4076,0,124,203,2020-04-10 08:08:41
Europe,Poland,963006,19.145136,51.919438,5117,5575,0,284,174,2020-04-10 08:08:41
South America,Peru,973008,-75.015152,-9.189967,2980,4332,0,1231,121,2020-04-10 08:08:41
Africa,Djibouti,985002,42.590275,11.825138,111,140,0,28,1,2020-04-10 08:08:41
Africa,Uganda,985010,32.290275,1.373333,53,53,0,0,0,2020-04-10 08:08:41
South America,Guyana,973007,-58.93018,4.860416,31,37,0,0,6,2020-04-10 08:08:41
North America,Canada,971001,-106.346771,56.130366,17471,20765,0,2770,524,2020-04-10 08:08:41
Asia,United Arab Emirates,955019,53.847818,23.424076,2408,2659,0,239,12,2020-04-10 08:08:41
Europe,France,961002,2.213749,46.227638,50918,86334,0,23206,12210,2020-04-10 08:08:41
Europe,Romania,965011,24.96676,45.943161,4326,5202,0,647,229,2020-04-10 08:08:41
Europe,Sweden,962005,18.643501,60.128161,8331,9141,0,17,793,2020-04-10 08:08:41
Europe,United Kingdom,961007,-3.435973,55.378051,56964,65077,0,135,7978,2020-04-10 08:08:41
Africa,Mali,982010,-3.996166,17.570692,45,74,0,22,7,2020-04-10 08:08:41
Asia,Indonesia,952005,113.921327,-0.789275,2949,3293,0,64,280,2020-04-10 08:08:41
North America,Mexico,971003,-102.552784,23.634501,3006,3181,0,1,174,2020-04-10 08:08:41
Europe,Russia,964006,105.318756,61.52401,9357,10131,0,698,76,2020-04-10 08:08:41
Asia,Bahrain,955004,50.637772,25.930414,355,855,0,495,5,2020-04-10 08:08:41
Africa,Morocco,981004,-7.09262,31.791702,1168,1374,0,109,97,2020-04-10 08:08:41
Europe,Greece,965007,21.824312,39.074208,1850,1955,0,19,86,2020-04-10 08:08:41
Asia,India,953003,78.96288,20.593684,5218,5865,0,478,169,2020-04-10 07:49:21
Europe,Portugal,965010,-8.224454,39.399872,12621,13141,0,140,380,2020-04-10 07:49:21
Africa,Liberia,982009,-9.429499,6.428055,17,24,0,3,4,2020-04-10 07:49:21
Africa,Algeria,981001,1.659626,28.033886,1130,1572,0,237,205,2020-04-10 07:49:21
Africa,Gabon,983004,11.609444,-0.803689,42,44,0,1,1,2020-04-10 07:49:21
Europe,Slovenia,965014,14.995463,46.151241,953,1124,0,128,43,2020-04-10 07:49:21
Europe,Finland,962002,25.748151,61.92411,2553,2605,0,10,42,2020-04-10 01:01:18
Asia,Saudi Arabia,955016,45.079162,23.885942,2260,2932,0,631,41,2020-04-10 01:01:18
Europe,Italy,965008,12.56738,41.87194,96877,143626,0,28470,18279,2020-04-10 01:01:18
Africa,Sudan,981005,30.217636,12.862807,11,15,0,2,2,2020-04-09 23:51:20
Europe,Netherlands,961006,5.291266,52.132633,16412,21762,0,2954,2396,2020-04-09 23:40:12
Europe,Isle of Man,0,-4.548056,54.236107,149,150,0,0,1,2020-04-09 23:40:12
Africa,Togo,982016,0.824782,8.619543,46,73,0,24,3,2020-04-09 23:40:12
North America,Dominican Republic,974006,-70.162651,18.735693,1858,1956,0,0,98,2020-04-09 20:42:43
Africa,Ethiopia,985004,40.489673,9.145,50,56,0,4,2,2020-04-09 19:55:58
Africa,Botswana,984002,24.684866,-22.328474,5,6,0,0,1,2020-04-09 19:14:27
Africa,Angola,984001,17.873887,-11.202692,15,19,0,2,2,2020-04-09 19:14:27
Africa,Zimbabwe,984013,29.154857,-19.015438,8,11,0,0,3,2020-04-09 19:14:27
Africa,Mozambique,984008,35.529562,-18.665695,16,17,0,1,0,2020-04-09 19:14:27
North America,Nicaragua,972006,-85.207229,12.865416,5,6,0,0,1,2020-04-09 19:14:27
Africa,Madagascar,984005,46.869107,-18.766947,82,93,0,11,0,2020-04-09 19:14:27
Asia,Mongolia,0,103.846656,46.862496,14,16,0,2,0,2020-04-09 19:14:27
Europe,Luxembourg,961004,6.129583,49.815273,2747,3034,0,241,46,2020-04-09 19:14:27
Africa,Chad,982003,18.732207,15.454166,10,10,0,0,0,2020-04-09 19:14:27
Africa,Central African Republic,983002,20.939444,6.611111,11,11,0,0,0,2020-04-09 19:14:27
Africa,Benin,982001,2.315834,9.30769,20,26,0,5,1,2020-04-09 19:14:27
Africa,Cameroon,983001,12.354722,7.369722,658,730,0,62,10,2020-04-09 19:14:27
Asia,Syria,955017,38.996815,34.802075,14,19,0,2,3,2020-04-09 19:14:27
Africa,Namibia,984009,18.49041,-22.95764,13,16,0,3,0,2020-04-09 19:14:27
Africa,Seychelles,985007,55.491977,-4.679574,11,11,0,0,0,2020-04-09 19:14:27
Asia,Iran,955007,53.688046,32.427908,30867,67286,0,32309,4110,2020-04-09 19:14:27
Africa,Tanzania,985009,34.888822,-6.369028,19,25,0,5,1,2020-04-09 19:14:27
Africa,Malawi,984006,34.301525,-13.254308,7,8,0,0,1,2020-04-09 19:14:27
Asia,Laos,952006,102.495496,19.85627,15,15,0,0,0,2020-04-09 19:14:27
Asia,Thailand,952010,100.992541,15.870032,1451,2423,0,940,32,2020-04-09 19:14:27
Oceania,Fiji,990002,179.414413,-16.578193,15,15,0,0,0,2020-04-09 19:14:27
Africa,Libya,981003,17.228331,26.3351,12,21,0,8,1,2020-04-09 19:14:27
Europe,Belarus,964001,27.953389,53.709807,976,1066,0,77,13,2020-04-09 19:14:27
Africa,Swaziland,984010,31.465866,-26.522503,5,12,0,7,0,2020-04-09 19:14:27
Asia,Maldives,953004,73.22068,3.202778,6,19,0,13,0,2020-04-09 14:51:46
South America,Suriname,973010,-56.027783,3.919305,9,10,0,0,1,2020-04-09 14:51:46
Asia,Nepal,953005,84.124008,28.394857,8,9,0,1,0,2020-04-09 14:51:46
Africa,Gambia,982005,-15.310139,13.443182,3,4,0,0,1,2020-04-05 19:18:30
Europe,United Kingdom,0,-3.435973,55.378051,12,20,0,8,0,2020-02-29 13:08:48
Asia,India,953003,78.96288,20.593684,6039,6761,0,516,206,2020-04-11 09:00:28
North America,Mexico,971003,-102.552784,23.634501,3610,3844,0,1,233,2020-04-11 09:00:28
Asia,Indonesia,952005,113.921327,-0.789275,3142,3512,0,64,306,2020-04-11 09:00:28
Asia,Philippines,952008,121.774017,12.879721,3834,4195,0,140,221,2020-04-11 09:00:28
Asia,Saudi Arabia,955016,45.079162,23.885942,2919,3651,0,685,47,2020-04-11 09:00:28
Asia,China,951001,104.195397,35.86166,2112,83355,0,77897,3346,2020-04-11 08:55:24
South America,Suriname,973010,-56.027783,3.919305,5,10,0,4,1,2020-04-11 08:37:12
South America,Guyana,973007,-58.93018,4.860416,34,40,0,0,6,2020-04-11 08:37:12
Europe,Ukraine,964007,31.16558,48.379433,2099,2203,0,35,69,2020-04-11 08:05:44
Europe,Estonia,964002,25.013607,58.595272,1141,1258,0,93,24,2020-04-11 08:05:44
Europe,Isle of Man,0,-4.548056,54.236107,164,165,0,0,1,2020-04-11 08:05:44
North America,Trinidad and Tobago,974013,-61.222503,10.691803,101,109,0,0,8,2020-04-11 08:05:44
Europe,France,961002,2.213749,46.227638,52547,90676,0,24932,13197,2020-04-11 08:05:44
Asia,Iraq,955008,43.679291,33.223191,659,1279,0,550,70,2020-04-11 08:05:44
Asia,Pakistan,953006,69.345116,30.375321,3902,4695,0,727,66,2020-04-11 08:05:44
Asia,Armenia,955002,45.038189,40.069099,777,937,0,149,11,2020-04-11 08:05:44
Europe,Ireland,961003,-8.24389,53.41291,7043,7393,0,62,288,2020-04-11 08:05:44
Europe,Croatia,965005,15.2,45.1,1243,1495,0,231,21,2020-04-11 08:05:44
Asia,Kuwait,955011,47.481766,29.31166,880,993,0,112,1,2020-04-11 08:05:44
Africa,Morocco,981004,-7.09262,31.791702,1219,1448,0,122,107,2020-04-11 08:05:44
Asia,Bahrain,955004,50.637772,25.930414,441,998,0,551,6,2020-04-11 08:05:44
Europe,Slovenia,965014,14.995463,46.151241,978,1160,0,137,45,2020-04-11 08:05:44
Asia,Afghanistan,955001,67.709953,33.93911,474,521,0,32,15,2020-04-11 08:05:44
Africa,Ethiopia,985004,40.489673,9.145,58,65,0,4,3,2020-04-11 08:05:44
Africa,Algeria,981001,1.659626,28.033886,1268,1761,0,237,256,2020-04-11 08:05:44
South America,Argentina,973001,-63.616672,-38.416097,1370,1795,0,358,67,2020-04-11 08:05:44
Africa,Tunisia,981006,9.537499,33.886917,646,671,0,0,25,2020-04-11 08:05:44
Asia,Oman,955013,55.923255,21.512583,372,484,0,109,3,2020-04-11 08:05:44
Europe,Monaco,961005,7.412841,43.750298,86,90,0,3,1,2020-04-11 08:05:44
Oceania,Australia,990001,133.775136,-25.274398,5981,6152,0,119,52,2020-04-11 08:05:44
Africa,Mozambique,984008,35.529562,-18.665695,19,20,0,1,0,2020-04-11 08:05:44
Asia,Cyprus,955005,33.429859,35.126413,580,595,0,0,15,2020-04-11 08:05:44
Asia,United Arab Emirates,955019,53.847818,23.424076,2926,3360,0,418,16,2020-04-11 08:05:44
Africa,Benin,982001,2.315834,9.30769,29,35,0,5,1,2020-04-11 08:05:44
North America,Cuba,974004,-77.781167,21.521757,549,564,0,0,15,2020-04-11 08:05:44
Africa,Djibouti,985002,42.590275,11.825138,113,150,0,36,1,2020-04-11 08:05:44
Africa,Kenya,985005,37.906193,-0.023559,160,189,0,22,7,2020-04-11 08:05:44
Africa,Sierra Leone,982015,-11.779889,8.460555,8,8,0,0,0,2020-04-11 08:05:44
Asia,Azerbaijan,955003,47.576927,40.143105,822,991,0,159,10,2020-04-11 08:05:44
South America,Uruguay,973011,-55.765835,-32.522779,257,456,0,192,7,2020-04-11 08:05:44
Europe,Albania,965001,20.168331,41.153332,262,416,0,131,23,2020-04-11 08:05:44
Europe,Luxembourg,961004,6.129583,49.815273,2868,3163,0,241,54,2020-04-11 08:05:44
Africa,Guinea,0,-9.696645,9.945587,197,212,0,15,0,2020-04-11 08:05:44
Asia,Qatar,955015,51.183884,25.354826,2279,2512,0,227,6,2020-04-11 07:56:35
Asia,Thailand,952010,100.992541,15.870032,1427,2473,0,1013,33,2020-04-11 07:56:35
Europe,Sweden,962005,18.643501,60.128161,8798,9685,0,17,870,2020-04-11 07:56:35
Europe,Romania,965011,24.96676,45.943161,4481,5467,0,729,257,2020-04-11 07:56:35
Europe,Hungary,963004,19.503304,47.162494,1001,1190,0,112,77,2020-04-11 07:56:35
Europe,Czech Republic,963002,15.472962,49.817492,5209,5674,0,346,119,2020-04-11 07:56:35
North America,Panama,972007,-80.782127,8.537981,2461,2528,0,4,63,2020-04-11 07:56:35
Europe,Portugal,965010,-8.224454,39.399872,14897,15472,0,140,435,2020-04-11 07:56:35
Asia,Georgia,955006,43.356892,42.315407,173,230,0,54,3,2020-04-11 07:56:35
South America,Venezuela,0,-66.58973,6.42375,159,166,0,0,7,2020-04-11 07:56:35
Europe,San Marino,965012,12.457777,43.94236,308,344,0,2,34,2020-04-11 07:56:35
Asia,Iran,955007,53.688046,32.427908,28495,68192,0,35465,4232,2020-04-11 07:56:35
Asia,Lebanon,955012,35.862285,33.854721,522,609,0,67,20,2020-04-11 07:56:35
Europe,Austria,963001,14.550072,47.516231,10446,13248,0,2507,295,2020-04-11 07:56:35
Europe,Greece,965007,21.824312,39.074208,1906,2011,0,19,86,2020-04-11 07:56:35
Europe,Russia,964006,105.318756,61.52401,11028,11917,0,795,94,2020-04-11 07:56:35
Europe,Andorra,965002,1.601554,42.546245,504,601,0,71,26,2020-04-11 07:56:35
South America,Bolivia,973002,-63.588653,-16.290154,249,268,0,0,19,2020-04-11 07:56:35
Europe,Bulgaria,965004,25.48583,42.733883,608,635,0,3,24,2020-04-11 07:56:35
Asia,Turkey,955018,35.243322,38.963745,43600,47029,0,2423,1006,2020-04-11 07:56:35
South America,Colombia,973005,-74.297333,4.570868,2308,2473,0,85,80,2020-04-11 07:56:35
Europe,Iceland,962003,-19.020835,64.963051,917,1675,0,751,7,2020-04-11 07:56:35
Africa,Gabon,983004,11.609444,-0.803689,44,46,0,1,1,2020-04-11 07:56:35
Europe,Denmark,962001,9.501785,56.26392,4678,5819,0,894,247,2020-04-11 07:56:35
South America,Ecuador,973006,-78.183406,-1.831239,6724,7161,0,140,297,2020-04-11 07:56:35
Europe,Italy,965008,12.56738,41.87194,98273,147577,0,30455,18849,2020-04-11 07:56:35
North America,Martinique,0,-61.024174,14.641528,148,154,0,0,6,2020-04-11 07:56:35
Africa,Mauritius,984014,57.552152,-20.348404,286,318,0,23,9,2020-04-11 07:56:35
Asia,Malaysia,952007,101.975766,4.210484,2446,4346,0,1830,70,2020-04-11 07:56:35
Europe,United Kingdom,961007,-3.435973,55.378051,64942,70272,0,135,5195,2020-04-11 07:56:35
Europe,Norway,962004,8.468946,60.472024,6155,6267,0,0,112,2020-04-11 07:56:35
South America,Chile,973004,-71.542969,-35.675147,4800,5972,0,1115,57,2020-04-11 07:56:35
Europe,Switzerland,963008,8.227512,46.818188,12625,24184,0,10600,959,2020-04-11 07:56:35
South America,Brazil,973003,-51.92528,-14.235004,18455,19638,0,127,1056,2020-04-11 07:56:35
Europe,Bosnia and Herzegovina,965003,17.679076,43.915886,721,886,0,129,36,2020-04-11 07:56:35
Africa,Madagascar,984005,46.869107,-18.766947,91,102,0,11,0,2020-04-11 07:56:35
Europe,Belgium,961001,4.469936,50.503887,20776,26667,0,2872,3019,2020-04-11 07:56:35
Africa,Ghana,982006,-1.023194,7.946527,303,313,0,4,6,2020-04-11 07:56:35
Africa,Senegal,982014,-14.452362,14.497401,126,265,0,137,2,2020-04-11 07:56:35
Africa,Egypt,981002,30.802498,26.820553,1275,1794,0,384,135,2020-04-11 07:56:35
North America,Puerto Rico,0,-66.590149,18.220833,650,683,0,0,33,2020-04-11 07:56:35
Africa,Burkina Faso,982002,-1.561593,12.238333,273,443,0,146,24,2020-04-11 07:56:35
Asia,Singapore,952009,103.819836,1.352083,1695,2108,0,406,7,2020-04-11 07:56:35
Asia,Japan,951002,138.252924,36.204824,5611,6134,0,404,119,2020-04-11 07:56:35
Africa,Zimbabwe,984013,29.154857,-19.015438,10,13,0,0,3,2020-04-11 07:56:35
Europe,Finland,962002,25.748151,61.92411,2711,2769,0,10,48,2020-04-11 07:56:35
Asia,Israel,955009,34.851612,31.046051,9130,10408,0,1183,95,2020-04-11 07:56:35
North America,Canada,971001,-106.346771,56.130366,18809,22148,0,2770,569,2020-04-11 07:56:35
Asia,Jordan,955010,36.238414,30.585164,195,372,0,170,7,2020-04-11 07:56:35
Africa,Cameroon,983001,12.354722,7.369722,710,820,0,98,12,2020-04-11 07:56:35
Europe,Netherlands,961006,5.291266,52.132633,17632,23097,0,2954,2511,2020-04-11 07:56:35
Africa,Nigeria,982013,8.675277,9.081999,240,305,0,58,7,2020-04-11 07:56:35
South America,Peru,973008,-75.015152,-9.189967,4159,5897,0,1569,169,2020-04-11 07:56:35
Europe,Moldova,964005,28.369885,47.411631,1230,1289,0,30,29,2020-04-11 07:56:35
North America,El Salvador,972003,-88.89653,13.794185,98,103,0,0,5,2020-04-11 07:56:35
Oceania,Guam,0,144.793731,13.444304,124,128,0,0,4,2020-04-11 07:56:35
North America,Dominican Republic,974006,-70.162651,18.735693,2231,2349,0,0,118,2020-04-11 07:56:35
Europe,Poland,963006,19.145136,51.919438,5456,5955,0,318,181,2020-04-11 07:56:35
Europe,Latvia,964003,24.603189,56.879635,587,589,0,0,2,2020-04-11 07:56:35
Europe,Spain,965015,-3.74922,40.463667,85511,157022,0,55668,15843,2020-04-11 07:56:35
Africa,Niger,982011,8.081666,17.607789,386,438,0,41,11,2020-04-11 07:56:35
Asia,Bangladesh,953001,90.356331,23.684994,276,330,0,33,21,2020-04-11 07:38:21
North America,Costa Rica,972002,-83.753428,9.748917,499,502,0,0,3,2020-04-11 07:38:21
Africa,Tanzania,985009,34.888822,-6.369028,24,32,0,5,3,2020-04-11 07:38:21
Africa,Malawi,984006,34.301525,-13.254308,8,9,0,0,1,2020-04-11 07:38:21
Africa,South Africa,984011,22.937506,-30.559482,1934,2003,0,45,24,2020-04-11 07:38:21
North America,Jamaica,974009,-77.297508,18.109581,59,63,0,0,4,2020-04-11 07:38:21
South America,French Guiana,0,-53.125782,3.933889,83,83,0,0,0,2020-04-11 07:38:21
Europe,Guernsey,0,-2.585278,49.465691,176,181,0,0,5,2020-04-11 07:38:21
Europe,Gibraltar,0,-5.345374,36.137741,112,113,0,0,1,2020-04-11 07:38:21
North America,Bahamas,974002,-77.39628,25.03428,33,40,0,0,7,2020-04-11 07:38:21
Asia,Brunei,952002,114.727669,4.535277,36,136,0,99,1,2020-04-11 07:38:21
Asia,Uzbekistan,954005,64.585262,41.377491,591,624,0,30,3,2020-04-11 07:38:21
Africa,Libya,981003,17.228331,26.3351,29,37,0,3,5,2020-04-11 07:38:21
Europe,Belarus,964001,27.953389,53.709807,1793,1981,0,169,19,2020-04-11 07:38:21
South America,Paraguay,973009,-58.443832,-23.442503,107,124,0,12,5,2020-04-11 07:38:21
Africa,Mali,982010,-3.996166,17.570692,58,87,0,22,7,2020-04-11 07:38:21
Africa,Togo,982016,0.824782,8.619543,48,76,0,25,3,2020-04-11 07:38:21
North America,Guatemala,972004,-90.230759,15.783471,92,95,0,0,3,2020-04-11 07:38:21
Europe,Lithuania,964004,23.881275,55.169438,923,999,0,54,22,2020-04-11 07:38:21
Europe,Slovakia,963007,19.699024,48.669026,690,715,0,23,2,2020-04-11 07:38:21
Europe,Malta,965019,14.375416,35.937496,348,350,0,0,2,2020-04-11 07:38:21
Oceania,New Zealand,990007,174.885971,-40.900557,697,1015,4,317,1,2020-04-11 07:38:21
Asia,Vietnam,952011,108.277199,14.058324,113,257,0,144,0,2020-04-11 07:38:21
North America,Belize,972001,-88.49765,17.189877,8,9,0,0,1,2020-04-11 07:38:21
North America,Haiti,974008,-72.285215,18.971187,28,30,0,0,2,2020-04-11 07:38:21
Africa,Botswana,984002,24.684866,-22.328474,12,13,0,0,1,2020-04-11 07:38:21
Africa,Chad,982003,18.732207,15.454166,11,11,0,0,0,2020-04-11 07:38:21
Europe,Germany,963003,10.451526,51.165691,57239,113525,0,53913,2373,2020-04-11 07:38:21
North America,Honduras,972005,-86.241905,15.199999,320,343,0,0,23,2020-04-11 07:38:21
Oceania,French Polynesia,0,-149.406843,-17.679742,51,51,0,0,0,2020-04-10 19:06:40
North America,Barbados,974003,-59.543198,13.193887,60,63,0,0,3,2020-04-10 19:06:40
Oceania,Papua New Guinea,990009,143.95555,-6.314993,2,2,0,0,0,2020-04-10 19:06:40
North America,Saint Vincent and the Grenadines,974012,-61.287228,12.984305,8,8,0,0,0,2020-04-10 19:06:40
Europe,Liechtenstein,963005,9.555373,47.166,78,79,0,0,1,2020-04-10 19:06:40
Africa,Uganda,985010,32.290275,1.373333,53,53,0,0,0,2020-04-10 19:06:40
North America,Antigua and Barbuda,974001,-61.796428,17.060816,17,19,0,0,2,2020-04-10 19:06:40
Africa,Sudan,981005,30.217636,12.862807,11,15,0,2,2,2020-04-10 19:06:40
Asia,Laos,952006,102.495496,19.85627,15,15,0,0,0,2020-04-10 13:46:30
Asia,Nepal,953005,84.124008,28.394857,8,9,0,1,0,2020-04-10 13:46:30
Africa,Swaziland,984010,31.465866,-26.522503,5,12,0,7,0,2020-04-10 13:46:30
Oceania,Fiji,990002,179.414413,-16.578193,15,15,0,0,0,2020-04-10 13:46:30
Africa,Liberia,982009,-9.429499,6.428055,24,31,0,3,4,2020-04-10 13:46:30
Asia,Mongolia,0,103.846656,46.862496,14,16,0,2,0,2020-04-10 13:46:30
Africa,Gambia,982005,-15.310139,13.443182,3,4,0,0,1,2020-04-10 13:46:30
North America,Nicaragua,972006,-85.207229,12.865416,5,6,0,0,1,2020-04-10 13:46:30
Asia,Maldives,953004,73.22068,3.202778,6,19,0,13,0,2020-04-10 13:46:30
Africa,Angola,984001,17.873887,-11.202692,15,19,0,2,2,2020-04-10 13:46:30
Africa,Namibia,984009,18.49041,-22.95764,13,16,0,3,0,2020-04-10 13:46:30
Africa,Seychelles,985007,55.491977,-4.679574,11,11,0,0,0,2020-04-10 13:46:30
Africa,Central African Republic,983002,20.939444,6.611111,11,11,0,0,0,2020-04-10 13:46:30
Asia,Syria,955017,38.996815,34.802075,14,19,0,2,3,2020-04-10 13:46:30
Europe,United Kingdom,0,-3.435973,55.378051,12,20,0,8,0,2020-02-29 13:08:48
Europe,Romania,965011,24.96676,45.943161,5142,6300,0,852,306,2020-04-13 08:27:41
Europe,Czech Republic,963002,15.472962,49.817492,5350,5952,0,464,138,2020-04-13 08:27:41
Europe,Andorra,965002,1.601554,42.546245,481,638,0,128,29,2020-04-13 08:27:41
Europe,Bulgaria,965004,25.48583,42.733883,643,675,0,3,29,2020-04-13 08:27:41
Africa,Gabon,983004,11.609444,-0.803689,55,57,0,1,1,2020-04-13 08:27:41
Europe,Denmark,962001,9.501785,56.26392,5007,6174,0,894,273,2020-04-13 08:27:41
South America,Ecuador,973006,-78.183406,-1.831239,6612,7446,0,501,333,2020-04-13 08:27:41
Africa,Mauritius,984014,57.552152,-20.348404,273,324,0,42,9,2020-04-13 08:27:41
Europe,Norway,962004,8.468946,60.472024,6359,6485,0,0,126,2020-04-13 08:27:41
South America,Chile,973004,-71.542969,-35.675147,5074,7213,0,2059,80,2020-04-13 08:27:41
South America,Argentina,973001,-63.616672,-38.416097,1695,2142,0,358,89,2020-04-13 08:27:41
Africa,Tunisia,981006,9.537499,33.886917,676,707,0,0,31,2020-04-13 08:27:41
Asia,Japan,951002,138.252924,36.204824,6881,7423,0,404,138,2020-04-13 08:27:41
Oceania,Australia,990001,133.775136,-25.274398,6135,6313,0,119,59,2020-04-13 08:27:41
Africa,Mozambique,984008,35.529562,-18.665695,19,21,0,2,0,2020-04-13 08:27:41
Asia,China,951001,104.195397,35.86166,2110,83524,0,78065,3349,2020-04-13 08:27:41
Africa,Uganda,985010,32.290275,1.373333,36,54,0,18,0,2020-04-13 08:27:41
North America,Cuba,974004,-77.781167,21.521757,604,620,0,0,16,2020-04-13 08:27:41
South America,Peru,973008,-75.015152,-9.189967,5528,7519,0,1798,193,2020-04-13 08:27:41
Europe,Moldova,964005,28.369885,47.411631,1455,1560,0,75,30,2020-04-13 08:27:41
Europe,Poland,963006,19.145136,51.919438,6003,6674,0,439,232,2020-04-13 08:27:41
South America,Uruguay,973011,-55.765835,-32.522779,256,501,0,224,21,2020-04-13 08:27:41
Asia,Thailand,952010,100.992541,15.870032,1295,2551,0,1218,38,2020-04-13 07:59:16
Europe,Hungary,963004,19.503304,47.162494,1193,1410,0,118,99,2020-04-13 07:59:16
Europe,Estonia,964002,25.013607,58.595272,1191,1309,0,93,25,2020-04-13 07:59:16
Asia,Bangladesh,953001,90.356331,23.684994,548,621,0,39,34,2020-04-13 07:59:16
North America,Costa Rica,972002,-83.753428,9.748917,555,558,0,0,3,2020-04-13 07:59:16
Europe,France,961002,2.213749,46.227638,53824,95403,0,27186,14393,2020-04-13 07:59:16
Asia,Pakistan,953006,69.345116,30.375321,4377,5230,0,762,91,2020-04-13 07:59:16
Asia,Georgia,955006,43.356892,42.315407,186,252,0,63,3,2020-04-13 07:59:16
Europe,Ireland,961003,-8.24389,53.41291,9259,9655,0,62,334,2020-04-13 07:59:16
Africa,South Africa,984011,22.937506,-30.559482,2103,2173,0,45,25,2020-04-13 07:59:16
Europe,Croatia,965005,15.2,45.1,1264,1660,0,373,23,2020-04-13 07:59:16
Europe,Austria,963001,14.550072,47.516231,11101,13945,0,2507,337,2020-04-13 07:59:16
Asia,Lebanon,955012,35.862285,33.854721,533,630,0,77,20,2020-04-13 07:59:16
Africa,Morocco,981004,-7.09262,31.791702,1366,1661,0,177,118,2020-04-13 07:59:16
Europe,Greece,965007,21.824312,39.074208,1997,2114,0,19,98,2020-04-13 07:59:16
Europe,Russia,964006,105.318756,61.52401,14349,15770,0,1291,130,2020-04-13 07:59:16
South America,Bolivia,973002,-63.588653,-16.290154,255,275,0,0,20,2020-04-13 07:59:16
Europe,Slovenia,965014,14.995463,46.151241,1002,1205,0,150,53,2020-04-13 07:59:16
Asia,Afghanistan,955001,67.709953,33.93911,550,607,0,38,19,2020-04-13 07:59:16
South America,Colombia,973005,-74.297333,4.570868,2582,2776,0,85,109,2020-04-13 07:59:16
Africa,Algeria,981001,1.659626,28.033886,1030,1914,0,591,293,2020-04-13 07:59:16
North America,Martinique,0,-61.024174,14.641528,149,155,0,0,6,2020-04-13 07:59:16
Asia,Malaysia,952007,101.975766,4.210484,2499,4683,0,2108,76,2020-04-13 07:59:16
North America,Guatemala,972004,-90.230759,15.783471,134,137,0,0,3,2020-04-13 07:59:16
Europe,Lithuania,964004,23.881275,55.169438,933,1053,0,97,23,2020-04-13 07:59:16
Europe,Switzerland,963008,8.227512,46.818188,12177,25135,0,12100,858,2020-04-13 07:59:16
Asia,Oman,955013,55.923255,21.512583,486,599,0,109,4,2020-04-13 07:59:16
South America,Brazil,973003,-51.92528,-14.235004,20819,22169,0,127,1223,2020-04-13 07:59:16
Europe,Malta,965019,14.375416,35.937496,331,378,0,44,3,2020-04-13 07:59:16
Europe,Bosnia and Herzegovina,965003,17.679076,43.915886,768,1000,0,193,39,2020-04-13 07:59:16
Africa,Ghana,982006,-1.023194,7.946527,554,566,0,4,8,2020-04-13 07:59:16
Oceania,New Zealand,990007,174.885971,-40.900557,574,1049,4,471,4,2020-04-13 07:59:16
Africa,Egypt,981002,30.802498,26.820553,1459,2065,0,447,159,2020-04-13 07:59:16
Africa,Burkina Faso,982002,-1.561593,12.238333,309,497,0,161,27,2020-04-13 07:59:16
Asia,Maldives,953004,73.22068,3.202778,6,20,0,14,0,2020-04-13 07:59:16
Europe,Finland,962002,25.748151,61.92411,2908,2974,0,10,56,2020-04-13 07:59:16
Asia,Israel,955009,34.851612,31.046051,9415,11145,0,1627,103,2020-04-13 07:59:16
North America,Canada,971001,-106.346771,56.130366,20897,24384,0,2770,717,2020-04-13 07:59:16
Asia,United Arab Emirates,955019,53.847818,23.424076,3421,4123,0,680,22,2020-04-13 07:59:16
Asia,Jordan,955010,36.238414,30.585164,181,389,0,201,7,2020-04-13 07:59:16
Africa,Cameroon,983001,12.354722,7.369722,726,836,0,98,12,2020-04-13 07:59:16
Africa,Nigeria,982013,8.675277,9.081999,228,323,0,85,10,2020-04-13 07:59:16
Africa,Djibouti,985002,42.590275,11.825138,177,215,0,36,2,2020-04-13 07:59:16
Europe,Germany,963003,10.451526,51.165691,57606,120479,0,60200,2673,2020-04-13 07:59:16
Oceania,Guam,0,144.793731,13.444304,128,133,0,0,5,2020-04-13 07:59:16
Africa,Kenya,985005,37.906193,-0.023559,165,197,0,25,7,2020-04-13 07:59:16
Europe,Latvia,964003,24.603189,56.879635,646,651,0,0,5,2020-04-13 07:59:16
Asia,Azerbaijan,955003,47.576927,40.143105,837,1098,0,250,11,2020-04-13 07:59:16
Europe,Albania,965001,20.168331,41.153332,206,446,0,217,23,2020-04-13 07:59:16
Africa,Niger,982011,8.081666,17.607789,442,529,0,75,12,2020-04-13 07:59:16
Europe,Ukraine,964007,31.16558,48.379433,2605,2777,0,89,83,2020-04-13 07:47:08
Europe,Sweden,962005,18.643501,60.128161,9567,10483,0,17,899,2020-04-13 07:47:08
Europe,Isle of Man,0,-4.548056,54.236107,203,204,0,0,1,2020-04-13 07:47:08
North America,Trinidad and Tobago,974013,-61.222503,10.691803,101,109,0,0,8,2020-04-13 07:47:08
Asia,Laos,952006,102.495496,19.85627,19,19,0,0,0,2020-04-13 07:47:08
South America,Suriname,973010,-56.027783,3.919305,5,10,0,4,1,2020-04-13 07:47:08
North America,Panama,972007,-80.782127,8.537981,2896,2974,0,4,74,2020-04-13 07:47:08
Asia,Iraq,955008,43.679291,33.223191,636,1352,0,640,76,2020-04-13 07:47:08
Europe,Portugal,965010,-8.224454,39.399872,15804,16585,0,277,504,2020-04-13 07:47:08
Asia,Armenia,955002,45.038189,40.069099,803,1013,0,197,13,2020-04-13 07:47:08
Africa,Tanzania,985009,34.888822,-6.369028,24,32,0,5,3,2020-04-13 07:47:08
Africa,Malawi,984006,34.301525,-13.254308,10,12,0,0,2,2020-04-13 07:47:08
Asia,Kuwait,955011,47.481766,29.31166,1091,1234,0,142,1,2020-04-13 07:47:08
North America,Jamaica,974009,-77.297508,18.109581,61,65,0,0,4,2020-04-13 07:47:08
Europe,San Marino,965012,12.457777,43.94236,319,356,0,2,35,2020-04-13 07:47:08
South America,Venezuela,0,-66.58973,6.42375,162,171,0,0,9,2020-04-13 07:47:08
Asia,Iran,955007,53.688046,32.427908,23318,71686,0,43894,4474,2020-04-13 07:47:08
South America,French Guiana,0,-53.125782,3.933889,86,86,0,0,0,2020-04-13 07:47:08
Asia,India,953003,78.96288,20.593684,7409,8447,0,765,273,2020-04-13 07:47:08
Europe,Guernsey,0,-2.585278,49.465691,194,200,0,0,6,2020-04-13 07:47:08
Oceania,French Polynesia,0,-149.406843,-17.679742,51,51,0,0,0,2020-04-13 07:47:08
Europe,Gibraltar,0,-5.345374,36.137741,112,113,0,0,1,2020-04-13 07:47:08
North America,Bahamas,974002,-77.39628,25.03428,34,42,0,0,8,2020-04-13 07:47:08
Asia,Brunei,952002,114.727669,4.535277,36,136,0,99,1,2020-04-13 07:47:08
North America,Mexico,971003,-102.552784,23.634501,3945,4219,0,1,273,2020-04-13 07:47:08
Asia,Uzbekistan,954005,64.585262,41.377491,763,796,0,30,3,2020-04-13 07:47:08
Africa,Swaziland,984010,31.465866,-26.522503,7,14,0,7,0,2020-04-13 07:47:08
Asia,Nepal,953005,84.124008,28.394857,11,12,0,1,0,2020-04-13 07:47:08
Asia,Bahrain,955004,50.637772,25.930414,524,1087,0,557,6,2020-04-13 07:47:08
Asia,Turkey,955018,35.243322,38.963745,52312,56956,0,3446,1198,2020-04-13 07:47:08
North America,Barbados,974003,-59.543198,13.193887,63,67,0,0,4,2020-04-13 07:47:08
Asia,Indonesia,952005,113.921327,-0.789275,3509,4241,0,359,373,2020-04-13 07:47:08
Africa,Ethiopia,985004,40.489673,9.145,58,71,0,10,3,2020-04-13 07:47:08
Europe,Iceland,962003,-19.020835,64.963051,804,1701,0,889,8,2020-04-13 07:47:08
Oceania,Papua New Guinea,990009,143.95555,-6.314993,2,2,0,0,0,2020-04-13 07:47:08
Africa,Libya,981003,17.228331,26.3351,11,25,0,9,5,2020-04-13 07:47:08
Europe,Belarus,964001,27.953389,53.709807,2034,2226,0,169,23,2020-04-13 07:47:08
South America,Paraguay,973009,-58.443832,-23.442503,116,134,0,12,6,2020-04-13 07:47:08
Europe,Italy,965008,12.56738,41.87194,102253,156363,0,34211,19899,2020-04-13 07:47:08
Africa,Mali,982010,-3.996166,17.570692,82,116,0,25,9,2020-04-13 07:47:08
Europe,United Kingdom,961007,-3.435973,55.378051,73323,84279,0,344,10612,2020-04-13 07:47:08
Africa,Togo,982016,0.824782,8.619543,48,76,0,25,3,2020-04-13 07:47:08
Oceania,Fiji,990002,179.414413,-16.578193,16,16,0,0,0,2020-04-13 07:47:08
Africa,Liberia,982009,-9.429499,6.428055,40,48,0,3,5,2020-04-13 07:47:08
Europe,Slovakia,963007,19.699024,48.669026,717,742,0,23,2,2020-04-13 07:47:08
Asia,Philippines,952008,121.774017,12.879721,4154,4648,0,197,297,2020-04-13 07:47:08
Asia,Mongolia,0,103.846656,46.862496,14,16,0,2,0,2020-04-13 07:47:08
North America,Saint Vincent and the Grenadines,974012,-61.287228,12.984305,12,12,0,0,0,2020-04-13 07:47:08
Africa,Gambia,982005,-15.310139,13.443182,6,9,0,2,1,2020-04-13 07:47:08
Europe,Liechtenstein,963005,9.555373,47.166,79,80,0,0,1,2020-04-13 07:47:08
Africa,Madagascar,984005,46.869107,-18.766947,86,106,0,20,0,2020-04-13 07:47:08
Europe,Belgium,961001,4.469936,50.503887,19584,29647,0,6463,3600,2020-04-13 07:47:08
Europe,Monaco,961005,7.412841,43.750298,89,93,0,3,1,2020-04-13 07:47:08
Asia,Saudi Arabia,955016,45.079162,23.885942,3642,4462,0,761,59,2020-04-13 07:47:08
Asia,Vietnam,952011,108.277199,14.058324,116,260,0,144,0,2020-04-13 07:47:08
Africa,Senegal,982014,-14.452362,14.497401,107,280,0,171,2,2020-04-13 07:47:08
North America,Belize,972001,-88.49765,17.189877,8,10,0,0,2,2020-04-13 07:47:08
North America,Puerto Rico,0,-66.590149,18.220833,746,788,0,0,42,2020-04-13 07:47:08
North America,Nicaragua,972006,-85.207229,12.865416,6,7,0,0,1,2020-04-13 07:47:08
Asia,Singapore,952009,103.819836,1.352083,1964,2532,0,560,8,2020-04-13 07:47:08
Africa,Zimbabwe,984013,29.154857,-19.015438,11,14,0,0,3,2020-04-13 07:47:08
Africa,Angola,984001,17.873887,-11.202692,13,19,0,4,2,2020-04-13 07:47:08
Africa,Botswana,984002,24.684866,-22.328474,12,13,0,0,1,2020-04-13 07:47:08
North America,Haiti,974008,-72.285215,18.971187,29,31,0,0,2,2020-04-13 07:47:08
Asia,Cyprus,955005,33.429859,35.126413,618,633,0,0,15,2020-04-13 07:47:08
Africa,Seychelles,985007,55.491977,-4.679574,11,11,0,0,0,2020-04-13 07:47:08
South America,Guyana,973007,-58.93018,4.860416,31,45,0,8,6,2020-04-13 07:47:08
Africa,Central African Republic,983002,20.939444,6.611111,11,11,0,0,0,2020-04-13 07:47:08
Africa,Benin,982001,2.315834,9.30769,28,35,0,5,2,2020-04-13 07:47:08
Asia,Syria,955017,38.996815,34.802075,19,25,0,4,2,2020-04-13 07:47:08
North America,Antigua and Barbuda,974001,-61.796428,17.060816,19,21,0,0,2,2020-04-13 07:47:08
Europe,Netherlands,961006,5.291266,52.132633,22559,25587,0,291,2737,2020-04-13 07:47:08
Africa,Chad,982003,18.732207,15.454166,11,11,0,0,0,2020-04-13 07:47:08
North America,El Salvador,972003,-88.89653,13.794185,112,118,0,0,6,2020-04-13 07:47:08
Africa,Sudan,981005,30.217636,12.862807,15,19,0,2,2,2020-04-13 07:47:08
North America,Honduras,972005,-86.241905,15.199999,368,392,0,0,24,2020-04-13 07:47:08
North America,Dominican Republic,974006,-70.162651,18.735693,2494,2620,0,0,126,2020-04-13 07:47:08
Africa,Sierra Leone,982015,-11.779889,8.460555,10,10,0,0,0,2020-04-13 07:47:08
Europe,Spain,965015,-3.74922,40.463667,86656,166019,0,62391,16972,2020-04-13 07:47:08
Europe,Luxembourg,961004,6.129583,49.815273,2974,3281,0,241,66,2020-04-13 07:47:08
Africa,Guinea,0,-9.696645,9.945587,233,250,0,17,0,2020-04-13 07:47:08
Asia,Qatar,955015,51.183884,25.354826,2697,2979,0,275,7,2020-04-13 07:47:08
Africa,Namibia,984009,18.49041,-22.95764,13,16,0,3,0,2020-04-12 20:47:58
Europe,United Kingdom,0,-3.435973,55.378051,12,20,0,8,0,2020-02-29 13:08:48
Asia,China,951001,104.195397,35.86166,2174,83264,0,77746,3344,2020-04-09 20:08:14
Europe,Croatia,965005,15.2,45.1,1194,1343,0,130,19,2020-04-09 19:55:58
Africa,Ethiopia,985004,40.489673,9.145,50,56,0,4,2,2020-04-09 19:55:58
South America,Bolivia,973002,-63.588653,-16.290154,180,194,0,0,14,2020-04-09 19:55:58
Africa,Morocco,981004,-7.09262,31.791702,1147,1346,0,103,96,2020-04-09 19:55:58
Asia,Israel,955009,34.851612,31.046051,8906,9755,0,770,79,2020-04-09 19:55:58
Africa,Senegal,982014,-14.452362,14.497401,125,250,0,123,2,2020-04-09 19:55:58
Europe,Belgium,961001,4.469936,50.503887,19588,24983,0,2872,2523,2020-04-09 19:55:58
Asia,Qatar,955015,51.183884,25.354826,2164,2376,0,206,6,2020-04-09 19:55:58
Europe,Spain,965015,-3.74922,40.463667,89187,152446,0,48021,15238,2020-04-09 19:55:58
Europe,Netherlands,961006,5.291266,52.132633,15347,20549,0,2954,2248,2020-04-09 19:55:58
Asia,Lebanon,955012,35.862285,33.854721,501,582,0,62,19,2020-04-09 19:46:51
Europe,Latvia,964003,24.603189,56.879635,575,577,0,0,2,2020-04-09 19:46:51
Asia,Jordan,955010,36.238414,30.585164,202,358,0,150,6,2020-04-09 19:14:27
Europe,San Marino,965012,12.457777,43.94236,243,279,0,2,34,2020-04-09 19:14:27
South America,Venezuela,0,-66.58973,6.42375,158,165,0,0,7,2020-04-09 19:14:27
Asia,Iran,955007,53.688046,32.427908,30867,67286,0,32309,4110,2020-04-09 19:14:27
South America,French Guiana,0,-53.125782,3.933889,72,72,0,0,0,2020-04-09 19:14:27
Asia,India,953003,78.96288,20.593684,5095,5734,0,473,166,2020-04-09 19:14:27
Oceania,French Polynesia,0,-149.406843,-17.679742,47,47,0,0,0,2020-04-09 19:14:27
Europe,Guernsey,0,-2.585278,49.465691,162,166,0,0,4,2020-04-09 19:14:27
Europe,Austria,963001,14.550072,47.516231,10102,12852,0,2507,243,2020-04-09 19:14:27
Europe,Gibraltar,0,-5.345374,36.137741,112,113,0,0,1,2020-04-09 19:14:27
Europe,Ireland,961003,-8.24389,53.41291,5839,6074,0,0,235,2020-04-09 19:14:27
Africa,South Africa,984011,22.937506,-30.559482,1782,1845,0,45,18,2020-04-09 19:14:27
Asia,Kuwait,955011,47.481766,29.31166,797,910,0,112,1,2020-04-09 19:14:27
North America,Jamaica,974009,-77.297508,18.109581,56,59,0,0,3,2020-04-09 19:14:27
Asia,Armenia,955002,45.038189,40.069099,773,921,0,138,10,2020-04-09 19:14:27
Asia,Georgia,955006,43.356892,42.315407,159,208,0,46,3,2020-04-09 19:14:27
Africa,Tanzania,985009,34.888822,-6.369028,19,25,0,5,1,2020-04-09 19:14:27
Africa,Malawi,984006,34.301525,-13.254308,7,8,0,0,1,2020-04-09 19:14:27
North America,Panama,972007,-80.782127,8.537981,2041,2100,0,4,55,2020-04-09 19:14:27
Asia,Iraq,955008,43.679291,33.223191,681,1202,0,452,69,2020-04-09 19:14:27
Asia,Pakistan,953006,69.345116,30.375321,3547,4072,0,467,58,2020-04-09 19:14:27
Europe,Portugal,965010,-8.224454,39.399872,12621,13141,0,140,380,2020-04-09 19:14:27
Europe,France,961002,2.213749,46.227638,50466,82048,0,21254,10328,2020-04-09 19:14:27
Europe,Czech Republic,963002,15.472962,49.817492,4889,5221,0,233,99,2020-04-09 19:14:27
Europe,Estonia,964002,25.013607,58.595272,1089,1185,0,72,24,2020-04-09 19:14:27
Europe,Romania,965011,24.96676,45.943161,4024,4761,0,528,209,2020-04-09 19:14:27
Europe,Hungary,963004,19.503304,47.162494,743,895,0,94,58,2020-04-09 19:14:27
Asia,Bangladesh,953001,90.356331,23.684994,114,164,0,33,17,2020-04-09 19:14:27
Europe,Isle of Man,0,-4.548056,54.236107,149,150,0,0,1,2020-04-09 19:14:27
North America,Costa Rica,972002,-83.753428,9.748917,465,467,0,0,2,2020-04-09 19:14:27
North America,Trinidad and Tobago,974013,-61.222503,10.691803,98,106,0,0,8,2020-04-09 19:14:27
Asia,Laos,952006,102.495496,19.85627,15,15,0,0,0,2020-04-09 19:14:27
Europe,Ukraine,964007,31.16558,48.379433,1581,1668,0,35,52,2020-04-09 19:14:27
Europe,Sweden,962005,18.643501,60.128161,7715,8419,0,17,687,2020-04-09 19:14:27
Asia,Thailand,952010,100.992541,15.870032,1451,2423,0,940,32,2020-04-09 19:14:27
Europe,Norway,962004,8.468946,60.472024,5912,6013,0,0,101,2020-04-09 19:14:27
South America,Chile,973004,-71.542969,-35.675147,4383,5546,0,1115,48,2020-04-09 19:14:27
North America,Guatemala,972004,-90.230759,15.783471,74,77,0,0,3,2020-04-09 19:14:27
Oceania,Fiji,990002,179.414413,-16.578193,15,15,0,0,0,2020-04-09 19:14:27
Africa,Liberia,982009,-9.429499,6.428055,24,31,0,3,4,2020-04-09 19:14:27
Asia,Malaysia,952007,101.975766,4.210484,2553,4228,0,1608,67,2020-04-09 19:14:27
Europe,United Kingdom,961007,-3.435973,55.378051,53501,60733,0,135,7097,2020-04-09 19:14:27
Africa,Togo,982016,0.824782,8.619543,44,70,0,23,3,2020-04-09 19:14:27
South America,Ecuador,973006,-78.183406,-1.831239,4068,4450,0,140,242,2020-04-09 19:14:27
Europe,Italy,965008,12.56738,41.87194,95727,139887,0,26491,17669,2020-04-09 19:14:27
Africa,Mali,982010,-3.996166,17.570692,36,59,0,16,7,2020-04-09 19:14:27
North America,Martinique,0,-61.024174,14.641528,147,151,0,0,4,2020-04-09 19:14:27
Africa,Mauritius,984014,57.552152,-20.348404,247,273,0,19,7,2020-04-09 19:14:27
Europe,Denmark,962001,9.501785,56.26392,4290,5402,0,894,218,2020-04-09 19:14:27
Africa,Libya,981003,17.228331,26.3351,12,21,0,8,1,2020-04-09 19:14:27
Europe,Belarus,964001,27.953389,53.709807,976,1066,0,77,13,2020-04-09 19:14:27
Africa,Algeria,981001,1.659626,28.033886,1130,1572,0,237,205,2020-04-09 19:14:27
South America,Paraguay,973009,-58.443832,-23.442503,98,115,0,12,5,2020-04-09 19:14:27
Asia,Indonesia,952005,113.921327,-0.789275,2949,3293,0,64,280,2020-04-09 19:14:27
South America,Colombia,973005,-74.297333,4.570868,1915,2054,0,85,54,2020-04-09 19:14:27
Europe,Iceland,962003,-19.020835,64.963051,1120,1586,0,460,6,2020-04-09 19:14:27
Africa,Gabon,983004,11.609444,-0.803689,32,34,0,1,1,2020-04-09 19:14:27
Europe,Bulgaria,965004,25.48583,42.733883,567,593,0,3,23,2020-04-09 19:14:27
Asia,Turkey,955018,35.243322,38.963745,35568,38226,0,1846,812,2020-04-09 19:14:27
Europe,Slovenia,965014,14.995463,46.151241,1051,1091,0,0,40,2020-04-09 19:14:27
North America,Barbados,974003,-59.543198,13.193887,58,60,0,0,2,2020-04-09 19:14:27
Asia,Afghanistan,955001,67.709953,33.93911,430,444,0,0,14,2020-04-09 19:14:27
North America,Mexico,971003,-102.552784,23.634501,3006,3181,0,1,174,2020-04-09 19:14:27
Asia,Uzbekistan,954005,64.585262,41.377491,501,534,0,30,3,2020-04-09 19:14:27
Europe,Russia,964006,105.318756,61.52401,9357,10131,0,698,76,2020-04-09 19:14:27
Africa,Swaziland,984010,31.465866,-26.522503,5,12,0,7,0,2020-04-09 19:14:27
Europe,Andorra,965002,1.601554,42.546245,489,564,0,52,23,2020-04-09 19:14:27
Asia,Bahrain,955004,50.637772,25.930414,349,821,0,467,5,2020-04-09 19:14:27
Europe,Greece,965007,21.824312,39.074208,1782,1884,0,19,83,2020-04-09 19:14:27
North America,Bahamas,974002,-77.39628,25.03428,28,33,0,0,5,2020-04-09 19:14:27
Asia,Brunei,952002,114.727669,4.535277,69,135,0,65,1,2020-04-09 19:14:27
Africa,Angola,984001,17.873887,-11.202692,15,19,0,2,2,2020-04-09 19:14:27
Africa,Botswana,984002,24.684866,-22.328474,5,6,0,0,1,2020-04-09 19:14:27
North America,Haiti,974008,-72.285215,18.971187,24,25,0,0,1,2020-04-09 19:14:27
Asia,Cyprus,955005,33.429859,35.126413,512,526,0,0,14,2020-04-09 19:14:27
Africa,Zimbabwe,984013,29.154857,-19.015438,8,11,0,0,3,2020-04-09 19:14:27
Oceania,Australia,990001,133.775136,-25.274398,5883,6052,0,119,50,2020-04-09 19:14:27
Africa,Mozambique,984008,35.529562,-18.665695,16,17,0,1,0,2020-04-09 19:14:27
Europe,Finland,962002,25.748151,61.92411,2437,2487,0,10,40,2020-04-09 19:14:27
Africa,Burkina Faso,982002,-1.561593,12.238333,257,414,0,134,23,2020-04-09 19:14:27
Asia,Singapore,952009,103.819836,1.352083,1210,1623,0,406,7,2020-04-09 19:14:27
Asia,Japan,951002,138.252924,36.204824,4451,4953,0,404,98,2020-04-09 19:14:27
Asia,Vietnam,952011,108.277199,14.058324,125,251,0,126,0,2020-04-09 19:14:27
North America,Belize,972001,-88.49765,17.189877,6,7,0,0,1,2020-04-09 19:14:27
Africa,Egypt,981002,30.802498,26.820553,1152,1560,0,305,103,2020-04-09 19:14:27
North America,Puerto Rico,0,-66.590149,18.220833,550,573,0,0,23,2020-04-09 19:14:27
North America,Nicaragua,972006,-85.207229,12.865416,5,6,0,0,1,2020-04-09 19:14:27
Europe,Monaco,961005,7.412841,43.750298,77,81,0,3,1,2020-04-09 19:14:27
Africa,Ghana,982006,-1.023194,7.946527,258,313,0,49,6,2020-04-09 19:14:27
Asia,Saudi Arabia,955016,45.079162,23.885942,2260,2932,0,631,41,2020-04-09 19:14:27
Oceania,New Zealand,990007,174.885971,-40.900557,674,992,4,317,1,2020-04-09 19:14:27
Europe,Liechtenstein,963005,9.555373,47.166,77,78,0,0,1,2020-04-09 19:14:27
Europe,Malta,965019,14.375416,35.937496,299,299,0,0,0,2020-04-09 19:14:27
Europe,Bosnia and Herzegovina,965003,17.679076,43.915886,691,804,0,79,34,2020-04-09 19:14:27
Africa,Madagascar,984005,46.869107,-18.766947,82,93,0,11,0,2020-04-09 19:14:27
Europe,Switzerland,963008,8.227512,46.818188,12585,23280,0,9800,895,2020-04-09 19:14:27
Asia,Oman,955013,55.923255,21.512583,346,457,0,109,2,2020-04-09 19:14:27
South America,Brazil,973003,-51.92528,-14.235004,15000,15927,0,127,800,2020-04-09 19:14:27
Europe,Lithuania,964004,23.881275,55.169438,896,912,0,1,15,2020-04-09 19:14:27
Europe,Slovakia,963007,19.699024,48.669026,667,682,0,13,2,2020-04-09 19:14:27
South America,Argentina,973001,-63.616672,-38.416097,1372,1795,0,358,65,2020-04-09 19:14:27
Asia,Mongolia,0,103.846656,46.862496,14,16,0,2,0,2020-04-09 19:14:27
Asia,Philippines,952008,121.774017,12.879721,3749,4076,0,124,203,2020-04-09 19:14:27
North America,Saint Vincent and the Grenadines,974012,-61.287228,12.984305,7,7,0,0,0,2020-04-09 19:14:27
Africa,Tunisia,981006,9.537499,33.886917,604,628,0,0,24,2020-04-09 19:14:27
Europe,Luxembourg,961004,6.129583,49.815273,2747,3034,0,241,46,2020-04-09 19:14:27
Africa,Guinea,0,-9.696645,9.945587,159,164,0,5,0,2020-04-09 19:14:27
Asia,Azerbaijan,955003,47.576927,40.143105,751,822,0,63,8,2020-04-09 19:14:27
South America,Uruguay,973011,-55.765835,-32.522779,257,456,0,192,7,2020-04-09 19:14:27
Europe,Albania,965001,20.168331,41.153332,247,400,0,131,22,2020-04-09 19:14:27
Africa,Niger,982011,8.081666,17.607789,303,342,0,28,11,2020-04-09 19:14:27
Africa,Sudan,981005,30.217636,12.862807,10,14,0,2,2,2020-04-09 19:14:27
North America,Dominican Republic,974006,-70.162651,18.735693,1858,1956,0,0,98,2020-04-09 19:14:27
North America,Honduras,972005,-86.241905,15.199999,320,343,0,0,23,2020-04-09 19:14:27
Europe,Poland,963006,19.145136,51.919438,4824,5205,0,222,159,2020-04-09 19:14:27
Africa,Sierra Leone,982015,-11.779889,8.460555,6,6,0,0,0,2020-04-09 19:14:27
North America,El Salvador,972003,-88.89653,13.794185,74,78,0,0,4,2020-04-09 19:14:27
Europe,Germany,963003,10.451526,51.165691,56169,108202,0,49926,2107,2020-04-09 19:14:27
Oceania,Guam,0,144.793731,13.444304,117,121,0,0,4,2020-04-09 19:14:27
Africa,Kenya,985005,37.906193,-0.023559,166,179,0,7,6,2020-04-09 19:14:27
South America,Peru,973008,-75.015152,-9.189967,2980,4332,0,1231,121,2020-04-09 19:14:27
Europe,Moldova,964005,28.369885,47.411631,1122,1174,0,30,22,2020-04-09 19:14:27
Africa,Chad,982003,18.732207,15.454166,10,10,0,0,0,2020-04-09 19:14:27
Africa,Nigeria,982013,8.675277,9.081999,226,276,0,44,6,2020-04-09 19:14:27
North America,Cuba,974004,-77.781167,21.521757,385,396,0,0,11,2020-04-09 19:14:27
Africa,Djibouti,985002,42.590275,11.825138,110,135,0,25,0,2020-04-09 19:14:27
Africa,Benin,982001,2.315834,9.30769,20,26,0,5,1,2020-04-09 19:14:27
Africa,Central African Republic,983002,20.939444,6.611111,11,11,0,0,0,2020-04-09 19:14:27
Africa,Cameroon,983001,12.354722,7.369722,658,730,0,62,10,2020-04-09 19:14:27
Africa,Uganda,985010,32.290275,1.373333,52,52,0,0,0,2020-04-09 19:14:27
Asia,Syria,955017,38.996815,34.802075,14,19,0,2,3,2020-04-09 19:14:27
North America,Antigua and Barbuda,974001,-61.796428,17.060816,15,15,0,0,0,2020-04-09 19:14:27
Africa,Namibia,984009,18.49041,-22.95764,13,16,0,3,0,2020-04-09 19:14:27
Africa,Seychelles,985007,55.491977,-4.679574,11,11,0,0,0,2020-04-09 19:14:27
North America,Canada,971001,-106.346771,56.130366,16074,19279,0,2770,435,2020-04-09 19:14:27
South America,Guyana,973007,-58.93018,4.860416,28,33,0,0,5,2020-04-09 19:14:27
Asia,United Arab Emirates,955019,53.847818,23.424076,2408,2659,0,239,12,2020-04-09 19:14:27
South America,Suriname,973010,-56.027783,3.919305,9,10,0,0,1,2020-04-09 14:51:46
Asia,Nepal,953005,84.124008,28.394857,8,9,0,1,0,2020-04-09 14:51:46
Asia,Maldives,953004,73.22068,3.202778,6,19,0,13,0,2020-04-09 14:51:46
Oceania,Papua New Guinea,990009,143.95555,-6.314993,1,1,0,0,0,2020-04-05 19:18:30
Africa,Gambia,982005,-15.310139,13.443182,3,4,0,0,1,2020-04-05 19:18:30
Europe,United Kingdom,0,-3.435973,55.378051,12,20,0,8,0,2020-02-29 13:08:48
Europe,Poland,963006,19.145136,51.919438,2498,2554,0,13,43,2020-04-02 17:18:01
Europe,Latvia,964003,24.603189,56.879635,446,446,0,0,0,2020-04-02 17:18:01
Europe,Luxembourg,961004,6.129583,49.815273,2290,2319,0,0,29,2020-04-02 17:18:01
Asia,Jordan,955010,36.238414,30.585164,237,278,0,36,5,2020-04-02 17:18:01
Europe,Moldova,964005,28.369885,47.411631,396,423,0,22,5,2020-04-02 17:18:01
Asia,Japan,951002,138.252924,36.204824,2051,2526,0,404,71,2020-04-02 17:18:01
Asia,Philippines,952008,121.774017,12.879721,2475,2633,0,51,107,2020-04-02 17:18:01
Africa,Tunisia,981006,9.537499,33.886917,411,423,0,0,12,2020-04-02 17:18:01
Europe,Denmark,962001,9.501785,56.26392,2109,3107,0,894,104,2020-04-02 17:18:01
Europe,Bulgaria,965004,25.48583,42.733883,438,449,0,3,8,2020-04-02 17:18:01
Europe,Slovenia,965014,14.995463,46.151241,799,814,0,0,15,2020-04-02 17:18:01
Europe,Albania,965001,20.168331,41.153332,234,259,0,10,15,2020-04-02 16:53:01
Asia,China,951001,104.195397,35.86166,2834,82771,0,76610,3327,2020-04-02 16:53:01
Europe,Belgium,961001,4.469936,50.503887,11004,13964,0,2132,828,2020-04-02 16:53:01
Africa,Morocco,981004,-7.09262,31.791702,608,676,0,29,39,2020-04-02 16:53:01
Africa,Cameroon,983001,12.354722,7.369722,262,271,0,3,6,2020-04-02 16:32:01
Asia,Vietnam,952011,108.277199,14.058324,164,222,0,58,0,2020-04-02 16:32:01
North America,Puerto Rico,0,-66.590149,18.220833,231,239,0,0,8,2020-04-02 16:32:01
Oceania,Australia,990001,133.775136,-25.274398,4991,5133,0,119,23,2020-04-02 16:32:01
Asia,Oman,955013,55.923255,21.512583,189,231,0,41,1,2020-04-02 16:32:01
Africa,Ghana,982006,-1.023194,7.946527,187,195,0,3,5,2020-04-02 16:32:01
Asia,Malaysia,952007,101.975766,4.210484,2218,2908,0,645,45,2020-04-02 16:32:01
South America,Chile,973004,-71.542969,-35.675147,2781,3031,0,234,16,2020-04-02 16:32:01
Europe,Russia,964006,105.318756,61.52401,3283,3548,0,235,30,2020-04-02 16:32:01
Asia,Afghanistan,955001,67.709953,33.93911,234,239,0,0,5,2020-04-02 16:32:01
North America,Panama,972007,-80.782127,8.537981,961,989,0,4,24,2020-04-02 16:32:01
Europe,Ireland,961003,-8.24389,53.41291,3362,3447,0,0,85,2020-04-02 16:32:01
South America,Venezuela,0,-66.58973,6.42375,132,135,0,0,3,2020-04-02 16:32:01
Europe,San Marino,965012,12.457777,43.94236,214,242,0,2,26,2020-04-02 16:32:01
Asia,India,953003,78.96288,20.593684,1768,1968,0,150,50,2020-04-02 16:32:01
Asia,Lebanon,955012,35.862285,33.854721,430,479,0,37,12,2020-04-02 16:32:01
Europe,Ukraine,964007,31.16558,48.379433,771,804,0,13,20,2020-04-02 16:32:01
Europe,Czech Republic,963002,15.472962,49.817492,3408,3508,0,61,39,2020-04-02 16:32:01
North America,Canada,971001,-106.346771,56.130366,8017,9720,0,1592,111,2020-04-02 15:34:13
Africa,Nigeria,982013,8.675277,9.081999,163,174,0,9,2,2020-04-02 15:34:13
Asia,Israel,955009,34.851612,31.046051,5955,6211,0,226,30,2020-04-02 15:34:13
Europe,Bosnia and Herzegovina,965003,17.679076,43.915886,384,413,0,17,12,2020-04-02 15:34:13
North America,Martinique,0,-61.024174,14.641528,117,119,0,0,2,2020-04-02 15:34:13
Europe,Norway,962004,8.468946,60.472024,4804,4848,0,0,44,2020-04-02 15:34:13
Asia,Brunei,952002,114.727669,4.535277,85,131,0,45,1,2020-04-02 15:34:13
Asia,Uzbekistan,954005,64.585262,41.377491,167,181,0,12,2,2020-04-02 15:34:13
Europe,Andorra,965002,1.601554,42.546245,365,390,0,11,14,2020-04-02 15:34:13
Asia,Bahrain,955004,50.637772,25.930414,249,569,0,316,4,2020-04-02 15:34:13
Asia,Georgia,955006,43.356892,42.315407,104,130,0,26,0,2020-04-02 15:34:13
Europe,Croatia,965005,15.2,45.1,794,867,0,67,6,2020-04-02 15:34:13
Asia,Thailand,952010,100.992541,15.870032,1355,1875,0,505,15,2020-04-02 15:34:13
Asia,Bangladesh,953001,90.356331,23.684994,25,56,0,25,6,2020-04-02 15:34:13
Europe,Portugal,965010,-8.224454,39.399872,8042,8251,0,22,187,2020-04-02 14:22:23
North America,El Salvador,972003,-88.89653,13.794185,30,30,0,0,0,2020-04-02 13:49:55
Europe,Germany,963003,10.451526,51.165691,64169,73522,0,8481,872,2020-04-02 13:49:55
Oceania,Guam,0,144.793731,13.444304,67,69,0,0,2,2020-04-02 13:49:55
Africa,Kenya,985005,37.906193,-0.023559,77,81,0,3,1,2020-04-02 13:49:55
North America,Dominican Republic,974006,-70.162651,18.735693,1058,1109,0,0,51,2020-04-02 13:49:55
North America,Honduras,972005,-86.241905,15.199999,136,139,0,0,3,2020-04-02 13:49:55
Africa,Sudan,981005,30.217636,12.862807,5,7,0,0,2,2020-04-02 13:49:55
Africa,Sierra Leone,982015,-11.779889,8.460555,2,2,0,0,0,2020-04-02 13:49:55
Europe,Spain,965015,-3.74922,40.463667,70436,102136,0,22647,9053,2020-04-02 13:49:55
Asia,Azerbaijan,955003,47.576927,40.143105,328,359,0,26,5,2020-04-02 13:49:55
South America,Uruguay,973011,-55.765835,-32.522779,296,338,0,41,1,2020-04-02 13:49:55
Africa,Niger,982011,8.081666,17.607789,31,34,0,0,3,2020-04-02 13:49:55
Africa,Guinea,0,-9.696645,9.945587,29,30,0,1,0,2020-04-02 13:49:55
Asia,Qatar,955015,51.183884,25.354826,762,835,0,71,2,2020-04-02 13:49:55
Africa,Namibia,984009,18.49041,-22.95764,13,13,0,0,0,2020-04-02 13:49:55
Africa,Seychelles,985007,55.491977,-4.679574,10,10,0,0,0,2020-04-02 13:49:55
Asia,United Arab Emirates,955019,53.847818,23.424076,745,814,0,61,8,2020-04-02 13:49:55
South America,Guyana,973007,-58.93018,4.860416,10,12,0,0,2,2020-04-02 13:49:55
Africa,Benin,982001,2.315834,9.30769,12,13,0,1,0,2020-04-02 13:49:55
Africa,Central African Republic,983002,20.939444,6.611111,6,6,0,0,0,2020-04-02 13:49:55
Africa,Uganda,985010,32.290275,1.373333,44,44,0,0,0,2020-04-02 13:49:55
Asia,Syria,955017,38.996815,34.802075,8,10,0,0,2,2020-04-02 13:49:55
Europe,Netherlands,961006,5.291266,52.132633,9487,13614,0,2954,1173,2020-04-02 13:49:55
North America,Antigua and Barbuda,974001,-61.796428,17.060816,7,7,0,0,0,2020-04-02 13:49:55
North America,Cuba,974004,-77.781167,21.521757,180,186,0,0,6,2020-04-02 13:49:55
Africa,Djibouti,985002,42.590275,11.825138,33,33,0,0,0,2020-04-02 13:49:55
South America,Peru,973008,-75.015152,-9.189967,641,1065,0,394,30,2020-04-02 13:49:55
Africa,Chad,982003,18.732207,15.454166,7,7,0,0,0,2020-04-02 13:49:55
North America,Belize,972001,-88.49765,17.189877,3,3,0,0,0,2020-04-02 13:49:55
Africa,Senegal,982014,-14.452362,14.497401,144,190,0,45,1,2020-04-02 13:49:55
Africa,Egypt,981002,30.802498,26.820553,548,779,0,179,52,2020-04-02 13:49:55
North America,Nicaragua,972006,-85.207229,12.865416,3,4,0,0,1,2020-04-02 13:49:55
Africa,Burkina Faso,982002,-1.561593,12.238333,220,282,0,46,16,2020-04-02 13:49:55
Asia,Singapore,952009,103.819836,1.352083,814,1000,0,183,3,2020-04-02 13:49:55
Africa,Zimbabwe,984013,29.154857,-19.015438,7,8,0,0,1,2020-04-02 13:49:55
Asia,Maldives,953004,73.22068,3.202778,5,18,0,13,0,2020-04-02 13:49:55
Africa,Mozambique,984008,35.529562,-18.665695,10,10,0,0,0,2020-04-02 13:49:55
Europe,Finland,962002,25.748151,61.92411,1419,1446,0,10,17,2020-04-02 13:49:55
Africa,Angola,984001,17.873887,-11.202692,5,8,0,1,2,2020-04-02 13:49:55
Africa,Botswana,984002,24.684866,-22.328474,3,4,0,0,1,2020-04-02 13:49:55
North America,Haiti,974008,-72.285215,18.971187,15,15,0,0,0,2020-04-02 13:49:55
Asia,Cyprus,955005,33.429859,35.126413,311,320,0,0,9,2020-04-02 13:49:55
Europe,Lithuania,964004,23.881275,55.169438,572,581,0,1,8,2020-04-02 13:49:55
Europe,Slovakia,963007,19.699024,48.669026,396,400,0,3,1,2020-04-02 13:49:55
South America,Argentina,973001,-63.616672,-38.416097,861,1133,0,240,32,2020-04-02 13:49:55
Asia,Mongolia,0,103.846656,46.862496,12,12,0,0,0,2020-04-02 13:49:55
Europe,Switzerland,963008,8.227512,46.818188,14938,17139,0,1823,378,2020-04-02 13:49:55
Africa,Gambia,982005,-15.310139,13.443182,3,4,0,0,1,2020-04-02 13:49:55
South America,Brazil,973003,-51.92528,-14.235004,6595,6836,0,0,241,2020-04-02 13:49:55
Europe,Malta,965019,14.375416,35.937496,169,169,0,0,0,2020-04-02 13:49:55
Europe,Liechtenstein,963005,9.555373,47.166,68,68,0,0,0,2020-04-02 13:49:55
Africa,Madagascar,984005,46.869107,-18.766947,57,57,0,0,0,2020-04-02 13:49:55
Europe,Monaco,961005,7.412841,43.750298,53,55,0,1,1,2020-04-02 13:49:55
Asia,Saudi Arabia,955016,45.079162,23.885942,1440,1720,0,264,16,2020-04-02 13:49:55
Oceania,New Zealand,990007,174.885971,-40.900557,672,723,4,50,1,2020-04-02 13:49:55
Africa,Libya,981003,17.228331,26.3351,10,10,0,0,0,2020-04-02 13:49:55
Africa,Algeria,981001,1.659626,28.033886,731,847,0,58,58,2020-04-02 13:49:55
South America,Paraguay,973009,-58.443832,-23.442503,61,65,0,1,3,2020-04-02 13:49:55
Europe,Belarus,964001,27.953389,53.709807,108,157,0,47,2,2020-04-02 13:49:55
Europe,Italy,965008,12.56738,41.87194,80572,110574,0,16847,13155,2020-04-02 13:49:55
South America,Ecuador,973006,-78.183406,-1.831239,2655,2748,0,0,93,2020-04-02 13:49:55
Africa,Mali,982010,-3.996166,17.570692,28,31,0,0,3,2020-04-02 13:49:55
Africa,Mauritius,984014,57.552152,-20.348404,155,161,0,0,6,2020-04-02 13:49:55
Europe,United Kingdom,961007,-3.435973,55.378051,26987,29474,0,135,2352,2020-04-02 13:49:55
Africa,Togo,982016,0.824782,8.619543,24,36,0,10,2,2020-04-02 13:49:55
North America,Guatemala,972004,-90.230759,15.783471,35,36,0,0,1,2020-04-02 13:49:55
Africa,Liberia,982009,-9.429499,6.428055,6,6,0,0,0,2020-04-02 13:49:55
Europe,Greece,965007,21.824312,39.074208,1346,1415,0,19,50,2020-04-02 13:49:55
North America,Bahamas,974002,-77.39628,25.03428,14,14,0,0,0,2020-04-02 13:49:55
North America,Mexico,971003,-102.552784,23.634501,1340,1378,0,1,37,2020-04-02 13:49:55
Africa,Swaziland,984010,31.465866,-26.522503,9,9,0,0,0,2020-04-02 13:49:55
Asia,Nepal,953005,84.124008,28.394857,4,5,0,1,0,2020-04-02 13:49:55
South America,Bolivia,973002,-63.588653,-16.290154,101,107,0,0,6,2020-04-02 13:49:55
Asia,Turkey,955018,35.243322,38.963745,15069,15679,0,333,277,2020-04-02 13:49:55
North America,Barbados,974003,-59.543198,13.193887,33,33,0,0,0,2020-04-02 13:49:55
Africa,Ethiopia,985004,40.489673,9.145,27,29,0,2,0,2020-04-02 13:49:55
Asia,Indonesia,952005,113.921327,-0.789275,1456,1677,0,64,157,2020-04-02 13:49:55
Europe,Iceland,962003,-19.020835,64.963051,982,1220,0,236,2,2020-04-02 13:49:55
South America,Colombia,973005,-74.297333,4.570868,859,906,0,31,16,2020-04-02 13:49:55
Africa,Gabon,983004,11.609444,-0.803689,17,18,0,0,1,2020-04-02 13:49:55
Asia,Iraq,955008,43.679291,33.223191,494,728,0,182,52,2020-04-02 13:49:55
Asia,Pakistan,953006,69.345116,30.375321,2122,2238,0,85,31,2020-04-02 13:49:55
Asia,Armenia,955002,45.038189,40.069099,537,571,0,31,3,2020-04-02 13:49:55
Africa,Tanzania,985009,34.888822,-6.369028,17,20,0,2,1,2020-04-02 13:49:55
Africa,South Africa,984011,22.937506,-30.559482,1374,1380,0,1,5,2020-04-02 13:49:55
Asia,Kuwait,955011,47.481766,29.31166,244,317,0,73,0,2020-04-02 13:49:55
North America,Jamaica,974009,-77.297508,18.109581,35,36,0,0,1,2020-04-02 13:49:55
Asia,Iran,955007,53.688046,32.427908,29084,47593,0,15473,3036,2020-04-02 13:49:55
South America,French Guiana,0,-53.125782,3.933889,46,46,0,0,0,2020-04-02 13:49:55
Europe,Guernsey,0,-2.585278,49.465691,59,60,0,0,1,2020-04-02 13:49:55
Oceania,French Polynesia,0,-149.406843,-17.679742,37,37,0,0,0,2020-04-02 13:49:55
Europe,Gibraltar,0,-5.345374,36.137741,69,69,0,0,0,2020-04-02 13:49:55
Europe,Austria,963001,14.550072,47.516231,8900,10482,0,1436,146,2020-04-02 13:49:55
Europe,Sweden,962005,18.643501,60.128161,4691,4947,0,17,239,2020-04-02 13:49:55
Europe,Estonia,964002,25.013607,58.595272,754,779,0,20,5,2020-04-02 13:49:55
Europe,Romania,965011,24.96676,45.943161,1956,2245,0,220,69,2020-04-02 13:49:55
Europe,Hungary,963004,19.503304,47.162494,465,525,0,40,20,2020-04-02 13:49:55
North America,Costa Rica,972002,-83.753428,9.748917,345,347,0,0,2,2020-04-02 13:49:55
North America,Trinidad and Tobago,974013,-61.222503,10.691803,82,85,0,0,3,2020-04-02 13:49:55
Asia,Laos,952006,102.495496,19.85627,9,9,0,0,0,2020-04-02 13:49:55
Europe,France,961002,2.213749,46.227638,42022,56989,0,10935,4032,2020-04-02 13:49:55
South America,Suriname,973010,-56.027783,3.919305,9,9,0,0,0,2020-04-02 13:49:55
North America,Saint Vincent and the Grenadines,974012,-61.287228,12.984305,1,1,0,0,0,2020-04-01 19:30:53
Oceania,Papua New Guinea,990009,143.95555,-6.314993,1,1,0,0,0,2020-04-01 19:30:53
Oceania,Fiji,990002,179.414413,-16.578193,5,5,0,0,0,2020-04-01 19:30:53
Europe,United Kingdom,0,-3.435973,55.378051,12,20,0,8,0,2020-02-29 13:08:48
